street_name,home,corps,district_name,district_short,district_latin
ул. Абрикосовая,1,"",Советский,Сов,Sov
ул. Абрикосовая,3,"",Советский,Сов,Sov
ул. Абрикосовая,5,"",Советский,Сов,Sov
ул. Абрикосовая,7,"",Советский,Сов,Sov
ул. Авакяна,19,"",Октябрьский,Окт,Okt
ул. Авакяна,23,"",Октябрьский,Окт,Okt
ул. Авакяна,24,"",Октябрьский,Окт,Okt
ул. Авакяна,26,"",Октябрьский,Окт,Okt
ул. Авакяна,28,"",Октябрьский,Окт,Okt
ул. Авакяна,30,А,Октябрьский,Окт,Okt
ул. Авакяна,30,К1,Октябрьский,Окт,Okt
ул. Авакяна,30,К2,Октябрьский,Окт,Okt
ул. Авакяна,30,К3,Октябрьский,Окт,Okt
ул. Авакяна,32,"",Октябрьский,Окт,Okt
ул. Авакяна,32,К2,Октябрьский,Окт,Okt
ул. Авакяна,32,К3,Октябрьский,Окт,Okt
ул. Авакяна,32,К3,Октябрьский,Окт,Okt
ул. Авакяна,33,"",Октябрьский,Окт,Okt
ул. Авакяна,34,"",Октябрьский,Окт,Okt
ул. Авакяна,34,К2,Октябрьский,Окт,Okt
ул. Авакяна,34,К3,Октябрьский,Окт,Okt
ул. Авакяна,35,"",Октябрьский,Окт,Okt
ул. Авакяна,36,К1,Октябрьский,Окт,Okt
ул. Авакяна,36,К2,Октябрьский,Окт,Okt
ул. Авакяна,37,"",Октябрьский,Окт,Okt
ул. Авакяна,38,"",Октябрьский,Окт,Okt
ул. Авакяна,39,"",Октябрьский,Окт,Okt
ул. Авакяна,41,"",Октябрьский,Окт,Okt
ул. Авакяна,43,"",Октябрьский,Окт,Okt
ул. Авакяна,45,"",Октябрьский,Окт,Okt
ул. Авакяна,47,"",Октябрьский,Окт,Okt
ул. Авакяна,49,"",Октябрьский,Окт,Okt
ул. Авакяна,51,"",Октябрьский,Окт,Okt
ул. Авакяна,53,"",Октябрьский,Окт,Okt
ул. Авакяна,57,"",Октябрьский,Окт,Okt
ул. Авакяна,59,"",Октябрьский,Окт,Okt
ул. Авакяна,61,"",Октябрьский,Окт,Okt
ул. Авакяна,63,"",Октябрьский,Окт,Okt
ул. Авакяна,67,"",Октябрьский,Окт,Okt
ул. Авакяна,69,"",Октябрьский,Окт,Okt
ул. Авангардная,1,А,Партизанский,Пар,Par
ул. Авангардная,2,"",Партизанский,Пар,Par
ул. Авангардная,4,"",Партизанский,Пар,Par
ул. Авангардная,6,"",Партизанский,Пар,Par
ул. Авангардная,9,"",Партизанский,Пар,Par
ул. Авангардная,14,"",Партизанский,Пар,Par
ул. Авангардная,15,"",Партизанский,Пар,Par
ул. Авангардная,17,"",Партизанский,Пар,Par
ул. Авангардная,18,"",Партизанский,Пар,Par
ул. Авангардная,19,"",Партизанский,Пар,Par
ул. Авангардная,20,"",Партизанский,Пар,Par
ул. Авангардная,21,"",Партизанский,Пар,Par
ул. Авангардная,22,"",Партизанский,Пар,Par
ул. Авангардная,23,"",Партизанский,Пар,Par
ул. Авангардная,24,"",Партизанский,Пар,Par
ул. Авангардная,26,"",Партизанский,Пар,Par
ул. Авангардная,27,"",Партизанский,Пар,Par
ул. Авангардная,28,"",Партизанский,Пар,Par
ул. Авангардная,30,"",Партизанский,Пар,Par
ул. Авангардная,32,"",Партизанский,Пар,Par
ул. Авангардная,33,"",Партизанский,Пар,Par
ул. Авангардная,34,"",Партизанский,Пар,Par
ул. Авангардная,35,"",Партизанский,Пар,Par
ул. Авангардная,37,"",Партизанский,Пар,Par
ул. Авангардная,38,"",Партизанский,Пар,Par
ул. Авангардная,39,"",Партизанский,Пар,Par
ул. Авангардная,41,"",Партизанский,Пар,Par
ул. Авангардная,43,"",Партизанский,Пар,Par
ул. Авангардная,44,"",Партизанский,Пар,Par
ул. Авангардная,45,"",Партизанский,Пар,Par
ул. Авангардная,46,"",Партизанский,Пар,Par
ул. Авангардная,47,"",Партизанский,Пар,Par
ул. Авангардная,48,"",Партизанский,Пар,Par
ул. Авангардная,48,А,Партизанский,Пар,Par
ул. Авангардная,49,"",Партизанский,Пар,Par
ул. Авангардная,50,"",Партизанский,Пар,Par
ул. Авангардная,51,"",Партизанский,Пар,Par
ул. Авангардная,52,"",Партизанский,Пар,Par
ул. Авангардная,52,А,Партизанский,Пар,Par
ул. Авангардная,53,"",Партизанский,Пар,Par
ул. Авангардная,55,"",Партизанский,Пар,Par
ул. Авангардная,56,"",Партизанский,Пар,Par
ул. Авангардная,57,"",Партизанский,Пар,Par
ул. Авангардная,58,"",Партизанский,Пар,Par
ул. Авангардная,59,"",Партизанский,Пар,Par
ул. Авангардная,60,"",Партизанский,Пар,Par
ул. Авангардная,61,К1,Партизанский,Пар,Par
ул. Авангардная,61,К2,Партизанский,Пар,Par
ул. Авангардная,61,К3,Партизанский,Пар,Par
пер. Авангардный,1,"",Партизанский,Пар,Par
пер. Авангардный,2,"",Партизанский,Пар,Par
пер. Авангардный,5,"",Партизанский,Пар,Par
пер. Авангардный,6,"",Партизанский,Пар,Par
пер. Авангардный,7,"",Партизанский,Пар,Par
пер. Авангардный,10,"",Партизанский,Пар,Par
пер. Авангардный,11,"",Партизанский,Пар,Par
пер. Авангардный,13,"",Партизанский,Пар,Par
пер. Авангардный,15,"",Партизанский,Пар,Par
ул. Авиации,9,"",Октябрьский,Окт,Okt
ул. Авиации,11,"",Октябрьский,Окт,Okt
ул. Авиации,13,"",Октябрьский,Окт,Okt
ул. Авиации,15,"",Октябрьский,Окт,Okt
ул. Авиации,17,"",Октябрьский,Окт,Okt
ул. Авиации,19,"",Октябрьский,Окт,Okt
ул. Авиации,21,"",Октябрьский,Окт,Okt
ул. Авиации,23,"",Октябрьский,Окт,Okt
ул. Авроровская,2,"",Ленинский,Лен,Len
ул. Авроровская,4,"",Ленинский,Лен,Len
ул. Авроровская,6,"",Ленинский,Лен,Len
ул. Авроровская,8,"",Ленинский,Лен,Len
ул. Автодоровская,3,"",Московский,Мос,Mos
ул. Автодоровская,3,А,Московский,Мос,Mos
ул. Автодоровская,5,"",Московский,Мос,Mos
ул. Автодоровская,6,"",Московский,Мос,Mos
ул. Автодоровская,6,А,Московский,Мос,Mos
ул. Автодоровская,8,"",Московский,Мос,Mos
ул. Автодоровская,10,"",Московский,Мос,Mos
ул. Автодоровская,18,"",Московский,Мос,Mos
ул. Автодоровская,20,"",Московский,Мос,Mos
ул. Автодоровская,20,А,Московский,Мос,Mos
ул. Автодоровская,22,"",Московский,Мос,Mos
ул. Автодоровская,24,"",Московский,Мос,Mos
ул. Автодоровская,26,"",Московский,Мос,Mos
ул. Автодоровская,30,"",Московский,Мос,Mos
пер. Автодоровский,1,"",Московский,Мос,Mos
пер. Автодоровский,2,"",Московский,Мос,Mos
пер. Автодоровский,3,"",Московский,Мос,Mos
пер. Автодоровский,3,А,Московский,Мос,Mos
пер. Автодоровский,4,"",Московский,Мос,Mos
пер. Автодоровский,5,"",Московский,Мос,Mos
пер. Автодоровский,6,"",Московский,Мос,Mos
пер. Автодоровский,7,"",Московский,Мос,Mos
пер. Автодоровский,8,"",Московский,Мос,Mos
пер. Автодоровский,9,"",Московский,Мос,Mos
пер. Автодоровский,10,"",Московский,Мос,Mos
пер. Автодоровский,11,"",Московский,Мос,Mos
пер. Автодоровский,12,"",Московский,Мос,Mos
пер. Автодоровский,14,"",Московский,Мос,Mos
пер. Автодоровский,15,"",Московский,Мос,Mos
ул. Автозаводская,1,"",Заводской,Зав,Zav
ул. Автозаводская,2,"",Заводской,Зав,Zav
ул. Автозаводская,4,"",Заводской,Зав,Zav
ул. Автозаводская,6,"",Заводской,Зав,Zav
ул. Автозаводская,9,"",Заводской,Зав,Zav
ул. Автозаводская,10,"",Заводской,Зав,Zav
ул. Автозаводская,11,"",Заводской,Зав,Zav
ул. Автозаводская,12,"",Заводской,Зав,Zav
ул. Автозаводская,13,"",Заводской,Зав,Zav
ул. Автозаводская,14,"",Заводской,Зав,Zav
ул. Автозаводская,15,"",Заводской,Зав,Zav
ул. Автозаводская,16,"",Заводской,Зав,Zav
ул. Автозаводская,17,"",Заводской,Зав,Zav
ул. Автозаводская,18,"",Заводской,Зав,Zav
ул. Автозаводская,19,"",Заводской,Зав,Zav
ул. Автозаводская,20,"",Заводской,Зав,Zav
ул. Автозаводская,22,"",Заводской,Зав,Zav
ул. Автозаводская,23,"",Заводской,Зав,Zav
ул. Автозаводская,24,"",Заводской,Зав,Zav
ул. Автозаводская,25,"",Заводской,Зав,Zav
ул. Автозаводская,26,"",Заводской,Зав,Zav
ул. Автозаводская,27,"",Заводской,Зав,Zav
ул. Автозаводская,28,"",Заводской,Зав,Zav
ул. Автозаводская,29,"",Заводской,Зав,Zav
ул. Автозаводская,30,"",Заводской,Зав,Zav
ул. Автозаводская,31,"",Заводской,Зав,Zav
ул. Автозаводская,32,"",Заводской,Зав,Zav
ул. Автозаводская,33,"",Заводской,Зав,Zav
ул. Автозаводская,35,"",Заводской,Зав,Zav
ул. Автозаводская,37,"",Заводской,Зав,Zav
ул. Автозаводская,38,"",Заводской,Зав,Zav
ул. Автозаводская,39,"",Заводской,Зав,Zav
ул. Автозаводская,40,"",Заводской,Зав,Zav
ул. Автозаводская,42,"",Заводской,Зав,Zav
ул. Автозаводская,43,"",Заводской,Зав,Zav
ул. Автозаводская,44,"",Заводской,Зав,Zav
ул. Автозаводская,46,"",Заводской,Зав,Zav
ул. Автозаводская,50,"",Заводской,Зав,Zav
ул. Автозаводская,52,"",Заводской,Зав,Zav
ул. Автозаводская,56,"",Заводской,Зав,Zav
ул. Автозаводская,58,"",Заводской,Зав,Zav
ул. Автозаводская,60,"",Заводской,Зав,Zav
ул. Автозаводская,62,"",Заводской,Зав,Zav
ул. Автозаводская,64,"",Заводской,Зав,Zav
ул. Автозаводская,68,"",Заводской,Зав,Zav
ул. Автозаводская,70,"",Заводской,Зав,Zav
пер. Автозаводской,1,"",Заводской,Зав,Zav
пер. Автозаводской,7,"",Заводской,Зав,Zav
пер. Автозаводской,8,"",Заводской,Зав,Zav
пер. Автозаводской,9,"",Заводской,Зав,Zav
пер. Автозаводской,10,"",Заводской,Зав,Zav
пер. Автозаводской,11,"",Заводской,Зав,Zav
пер. Автозаводской,12,"",Заводской,Зав,Zav
пер. Автозаводской,13,"",Заводской,Зав,Zav
пер. Автозаводской,14,"",Заводской,Зав,Zav
пер. Автозаводской,15,"",Заводской,Зав,Zav
пер. Автозаводской,18,"",Заводской,Зав,Zav
пер. Автозаводской,20,"",Заводской,Зав,Zav
пер. Автозаводской,21,"",Заводской,Зав,Zav
пер. Автозаводской,22,"",Заводской,Зав,Zav
пер. Автозаводской,24,"",Заводской,Зав,Zav
пер. Автозаводской,26,"",Заводской,Зав,Zav
пер. Автозаводской,28,"",Заводской,Зав,Zav
пер. Автозаводской,30,"",Заводской,Зав,Zav
пер. Автозаводской,34,"",Заводской,Зав,Zav
ул. Автомобилистов,2,"",Центральный,Цен,Cen
ул. Автомобилистов,3,"",Центральный,Цен,Cen
ул. Автомобилистов,4,А,Центральный,Цен,Cen
ул. Автомобилистов,5,А,Центральный,Цен,Cen
ул. Автомобилистов,6,"",Центральный,Цен,Cen
ул. Автомобилистов,6,А,Центральный,Цен,Cen
ул. Автомобилистов,8,"",Центральный,Цен,Cen
ул. Автомобилистов,8,А,Центральный,Цен,Cen
пер. Агатовый,1,"",Центральный,Цен,Cen
пер. Агатовый,2,"",Центральный,Цен,Cen
пер. Агатовый,3,"",Центральный,Цен,Cen
пер. Агатовый,4,"",Центральный,Цен,Cen
пер. Агатовый,5,"",Центральный,Цен,Cen
пер. Агатовый,6,"",Центральный,Цен,Cen
пер. Агатовый,7,"",Центральный,Цен,Cen
пер. Агатовый,8,"",Центральный,Цен,Cen
пер. Агатовый,9,"",Центральный,Цен,Cen
пер. Агатовый,10,"",Центральный,Цен,Cen
ул. Азгура,1,"",Партизанский,Пар,Par
ул. Азгура,1,А,Партизанский,Пар,Par
ул. Азгура,1,Б,Партизанский,Пар,Par
ул. Азгура,3,"",Партизанский,Пар,Par
ул. Азгура,4,"",Партизанский,Пар,Par
ул. Азгура,5,"",Партизанский,Пар,Par
ул. Азгура,8,"",Партизанский,Пар,Par
ул. Азизова,3,"",Центральный,Цен,Cen
ул. Азизова,4,"",Центральный,Цен,Cen
ул. Азизова,6,"",Центральный,Цен,Cen
ул. Азовская,1,"",Московский,Мос,Mos
ул. Азовская,2,"",Московский,Мос,Mos
ул. Азовская,3,"",Московский,Мос,Mos
ул. Азовская,4,"",Московский,Мос,Mos
ул. Азовская,5,"",Московский,Мос,Mos
ул. Азовская,6,"",Московский,Мос,Mos
ул. Азовская,7,"",Московский,Мос,Mos
ул. Азовская,8,"",Московский,Мос,Mos
ул. Азовская,9,"",Московский,Мос,Mos
ул. Азовская,11,"",Московский,Мос,Mos
ул. Азовская,12,"",Московский,Мос,Mos
ул. Азовская,13,"",Московский,Мос,Mos
ул. Азовская,14,"",Московский,Мос,Mos
ул. Азовская,15,"",Московский,Мос,Mos
ул. Азовская,16,"",Московский,Мос,Mos
ул. Азовская,17,"",Московский,Мос,Mos
ул. Азовская,25,"",Московский,Мос,Mos
ул. Айвазовского,1,"",Заводской,Зав,Zav
ул. Айвазовского,3,"",Заводской,Зав,Zav
ул. Айвазовского,5,"",Заводской,Зав,Zav
ул. Айвазовского,6,"",Заводской,Зав,Zav
ул. Айвазовского,7,"",Заводской,Зав,Zav
ул. Айвазовского,8,"",Заводской,Зав,Zav
ул. Айвазовского,9,"",Заводской,Зав,Zav
ул. Айвазовского,10,"",Заводской,Зав,Zav
ул. Айвазовского,11,"",Заводской,Зав,Zav
ул. Айвазовского,12,"",Заводской,Зав,Zav
ул. Айвазовского,14,"",Заводской,Зав,Zav
ул. Айвазовского,18,"",Заводской,Зав,Zav
ул. Айвазовского,19,"",Заводской,Зав,Zav
ул. Айвазовского,20,"",Заводской,Зав,Zav
ул. Айвазовского,21,"",Заводской,Зав,Zav
ул. Айвазовского,22,"",Заводской,Зав,Zav
ул. Айвазовского,23,"",Заводской,Зав,Zav
ул. Айвазовского,24,"",Заводской,Зав,Zav
ул. Айвазовского,25,"",Заводской,Зав,Zav
ул. Айвазовского,26,"",Заводской,Зав,Zav
ул. Айвазовского,27,"",Заводской,Зав,Zav
ул. Айвазовского,28,"",Заводской,Зав,Zav
ул. Айвазовского,29,"",Заводской,Зав,Zav
ул. Айвазовского,30,"",Заводской,Зав,Zav
ул. Айвазовского,32,"",Заводской,Зав,Zav
ул. Айвазовского,33,"",Заводской,Зав,Zav
ул. Айвазовского,35,"",Заводской,Зав,Zav
ул. Айвазовского,36,"",Заводской,Зав,Zav
ул. Айвазовского,37,"",Заводской,Зав,Zav
ул. Айвазовского,38,"",Заводской,Зав,Zav
ул. Айвазовского,39,"",Заводской,Зав,Zav
ул. Айвазовского,40,"",Заводской,Зав,Zav
ул. Айвазовского,41,"",Заводской,Зав,Zav
ул. Айвазовского,42,"",Заводской,Зав,Zav
ул. Айвазовского,43,"",Заводской,Зав,Zav
ул. Айвазовского,44,"",Заводской,Зав,Zav
ул. Айвазовского,45,"",Заводской,Зав,Zav
ул. Айвазовского,46,"",Заводской,Зав,Zav
ул. Айвазовского,47,"",Заводской,Зав,Zav
ул. Айвазовского,48,"",Заводской,Зав,Zav
ул. Айвазовского,49,"",Заводской,Зав,Zav
ул. Айвазовского,50,"",Заводской,Зав,Zav
ул. Айвазовского,52,"",Заводской,Зав,Zav
ул. Айвазовского,54,"",Заводской,Зав,Zav
ул. Айвазовского,56,"",Заводской,Зав,Zav
ул. Айвазовского,58,"",Заводской,Зав,Zav
ул. Айвазовского,60,"",Заводской,Зав,Zav
ул. Айвазовского,65,"",Заводской,Зав,Zav
ул. Айвазовского,67,"",Заводской,Зав,Zav
ул. Айвазовского,69,"",Заводской,Зав,Zav
ул. Айвазовского,71,"",Заводской,Зав,Zav
ул. Айвазовского,73,"",Заводской,Зав,Zav
ул. Айвазовского,75,"",Заводской,Зав,Zav
ул. Айвазовского,77,"",Заводской,Зав,Zav
ул. Айвазовского,78,"",Заводской,Зав,Zav
ул. Айвазовского,79,"",Заводской,Зав,Zav
пер. Айвазовского,3,"",Заводской,Зав,Zav
пер. Айвазовского,4,"",Заводской,Зав,Zav
пер. Айвазовского,5,"",Заводской,Зав,Zav
пер. Айвазовского,6,"",Заводской,Зав,Zav
пер. Айвазовского,7,"",Заводской,Зав,Zav
пер. Айвазовского,9,"",Заводской,Зав,Zav
пер. Айвазовского,10,"",Заводской,Зав,Zav
пер. Айвазовского,11,"",Заводской,Зав,Zav
пер. Айвазовского,12,"",Заводской,Зав,Zav
ул. Академическая,1,"",Первомайский,Пер,Per
ул. Академическая,2,В,Первомайский,Пер,Per
ул. Академическая,2,К1,Первомайский,Пер,Per
ул. Академическая,2,К2,Первомайский,Пер,Per
ул. Академическая,2,К3,Первомайский,Пер,Per
ул. Академическая,2,К4,Первомайский,Пер,Per
ул. Академическая,2,К5,Первомайский,Пер,Per
ул. Академическая,3,"",Первомайский,Пер,Per
ул. Академическая,5,"",Первомайский,Пер,Per
ул. Академическая,6,"",Первомайский,Пер,Per
ул. Академическая,7,"",Первомайский,Пер,Per
ул. Академическая,8,"",Первомайский,Пер,Per
ул. Академическая,9,"",Первомайский,Пер,Per
ул. Академическая,9,А,Первомайский,Пер,Per
ул. Академическая,10,"",Первомайский,Пер,Per
ул. Академическая,11,"",Первомайский,Пер,Per
ул. Академическая,11,А,Первомайский,Пер,Per
ул. Академическая,11,Б,Первомайский,Пер,Per
ул. Академическая,12,"",Первомайский,Пер,Per
ул. Академическая,13,"",Первомайский,Пер,Per
ул. Академическая,15,А,Первомайский,Пер,Per
ул. Академическая,15,К2,Первомайский,Пер,Per
ул. Академическая,16,"",Первомайский,Пер,Per
ул. Академическая,16,А,Первомайский,Пер,Per
ул. Академическая,17,"",Первомайский,Пер,Per
ул. Академическая,18,"",Первомайский,Пер,Per
ул. Академическая,20,"",Первомайский,Пер,Per
ул. Академическая,22,"",Первомайский,Пер,Per
ул. Академическая,23,"",Первомайский,Пер,Per
ул. Академическая,24,"",Первомайский,Пер,Per
ул. Академическая,25,"",Первомайский,Пер,Per
ул. Академическая,26,"",Первомайский,Пер,Per
ул. Академическая,27,"",Первомайский,Пер,Per
ул. Академическая,28,"",Первомайский,Пер,Per
ул. Академическая,30,"",Первомайский,Пер,Per
ул. Академическая,32,"",Первомайский,Пер,Per
ул. Аладовых,5,"",Фрунзенский,Фру,Fru
ул. Аладовых,7,"",Фрунзенский,Фру,Fru
ул. Александровская,1,"",Центральный,Цен,Cen
ул. Александровская,2,"",Центральный,Цен,Cen
ул. Александровская,3,"",Центральный,Цен,Cen
ул. Александровская,4,"",Центральный,Цен,Cen
ул. Александровская,5,"",Центральный,Цен,Cen
ул. Александровская,6,"",Центральный,Цен,Cen
ул. Александровская,7,"",Центральный,Цен,Cen
ул. Александровская,8,"",Центральный,Цен,Cen
ул. Александровская,10,"",Центральный,Цен,Cen
ул. Александровская,11,"",Центральный,Цен,Cen
ул. Александровская,12,"",Центральный,Цен,Cen
ул. Александровская,13,"",Центральный,Цен,Cen
ул. Александровская,14,"",Центральный,Цен,Cen
ул. Александровская,15,"",Центральный,Цен,Cen
ул. Александровская,16,"",Центральный,Цен,Cen
ул. Александровская,17,"",Центральный,Цен,Cen
ул. Александровская,18,"",Центральный,Цен,Cen
ул. Александровская,19,"",Центральный,Цен,Cen
ул. Алибегова,3,"",Московский,Мос,Mos
ул. Алибегова,5,"",Московский,Мос,Mos
ул. Алибегова,6,К1,Московский,Мос,Mos
ул. Алибегова,6,К2,Московский,Мос,Mos
ул. Алибегова,6,К3,Московский,Мос,Mos
ул. Алибегова,7,"",Московский,Мос,Mos
ул. Алибегова,8,К1,Московский,Мос,Mos
ул. Алибегова,8,К2,Московский,Мос,Mos
ул. Алибегова,8,К3,Московский,Мос,Mos
ул. Алибегова,10,"",Московский,Мос,Mos
ул. Алибегова,12,"",Московский,Мос,Mos
ул. Алибегова,13,К1,Московский,Мос,Mos
ул. Алибегова,13,К3,Московский,Мос,Mos
ул. Алибегова,14,"",Московский,Мос,Mos
ул. Алибегова,16,"",Московский,Мос,Mos
ул. Алибегова,17,"",Московский,Мос,Mos
ул. Алибегова,18,"",Московский,Мос,Mos
ул. Алибегова,19,"",Московский,Мос,Mos
ул. Алибегова,20,"",Московский,Мос,Mos
ул. Алибегова,21,"",Московский,Мос,Mos
ул. Алибегова,22,"",Московский,Мос,Mos
ул. Алибегова,23,"",Московский,Мос,Mos
ул. Алибегова,24,"",Московский,Мос,Mos
ул. Алибегова,25,"",Московский,Мос,Mos
ул. Алибегова,27,К1,Московский,Мос,Mos
ул. Алибегова,27,К2,Московский,Мос,Mos
ул. Алибегова,27,К3,Московский,Мос,Mos
ул. Аллейная,1,"",Первомайский,Пер,Per
ул. Аллейная,3,"",Первомайский,Пер,Per
ул. Аллейная,4,"",Первомайский,Пер,Per
ул. Аллейная,5,"",Первомайский,Пер,Per
ул. Аллейная,6,"",Первомайский,Пер,Per
ул. Аллейная,7,"",Первомайский,Пер,Per
ул. Аллейная,8,"",Первомайский,Пер,Per
ул. Аллейная,13,"",Первомайский,Пер,Per
ул. Аллейная,14,"",Первомайский,Пер,Per
ул. Аллейная,15,"",Первомайский,Пер,Per
ул. Аллейная,16,"",Первомайский,Пер,Per
ул. Аллейная,17,"",Первомайский,Пер,Per
ул. Аллейная,18,"",Первомайский,Пер,Per
ул. Аллейная,19,"",Первомайский,Пер,Per
ул. Аллейная,20,"",Первомайский,Пер,Per
ул. Аллейная,22,"",Первомайский,Пер,Per
ул. Алтайская,1,"",Заводской,Зав,Zav
ул. Алтайская,1,А,Заводской,Зав,Zav
ул. Алтайская,1,Б,Заводской,Зав,Zav
ул. Алтайская,1,В,Заводской,Зав,Zav
ул. Алтайская,1,Г,Заводской,Зав,Zav
ул. Алтайская,3,"",Заводской,Зав,Zav
ул. Алтайская,3,А,Заводской,Зав,Zav
ул. Алтайская,5,"",Заводской,Зав,Zav
ул. Алтайская,7,"",Заводской,Зав,Zav
ул. Алтайская,9,"",Заводской,Зав,Zav
ул. Алтайская,11,"",Заводской,Зав,Zav
ул. Алтайская,11,А,Заводской,Зав,Zav
ул. Алтайская,13,"",Заводской,Зав,Zav
ул. Алтайская,13,А,Заводской,Зав,Zav
ул. Алтайская,15,"",Заводской,Зав,Zav
ул. Алтайская,17,"",Заводской,Зав,Zav
ул. Алтайская,19,"",Заводской,Зав,Zav
ул. Алтайская,21,"",Заводской,Зав,Zav
ул. Алтайская,23,"",Заводской,Зав,Zav
ул. Алтайская,25,"",Заводской,Зав,Zav
ул. Алтайская,26,"",Заводской,Зав,Zav
ул. Алтайская,27,"",Заводской,Зав,Zav
ул. Алтайская,28,"",Заводской,Зав,Zav
ул. Алтайская,29,"",Заводской,Зав,Zav
ул. Алтайская,30,"",Заводской,Зав,Zav
ул. Алтайская,31,"",Заводской,Зав,Zav
ул. Алтайская,32,"",Заводской,Зав,Zav
ул. Алтайская,33,"",Заводской,Зав,Zav
ул. Алтайская,34,"",Заводской,Зав,Zav
ул. Алтайская,35,"",Заводской,Зав,Zav
ул. Алтайская,36,"",Заводской,Зав,Zav
ул. Алтайская,37,"",Заводской,Зав,Zav
ул. Алтайская,38,"",Заводской,Зав,Zav
ул. Алтайская,40,"",Заводской,Зав,Zav
ул. Алтайская,41,"",Заводской,Зав,Zav
ул. Алтайская,42,"",Заводской,Зав,Zav
ул. Алтайская,43,"",Заводской,Зав,Zav
ул. Алтайская,44,"",Заводской,Зав,Zav
ул. Алтайская,45,"",Заводской,Зав,Zav
ул. Алтайская,46,"",Заводской,Зав,Zav
ул. Алтайская,47,"",Заводской,Зав,Zav
ул. Алтайская,48,"",Заводской,Зав,Zav
ул. Алтайская,49,"",Заводской,Зав,Zav
ул. Алтайская,50,"",Заводской,Зав,Zav
ул. Алтайская,51,"",Заводской,Зав,Zav
ул. Алтайская,52,"",Заводской,Зав,Zav
ул. Алтайская,53,"",Заводской,Зав,Zav
ул. Алтайская,54,"",Заводской,Зав,Zav
ул. Алтайская,55,"",Заводской,Зав,Zav
ул. Алтайская,56,"",Заводской,Зав,Zav
ул. Алтайская,58,"",Заводской,Зав,Zav
ул. Алтайская,59,"",Заводской,Зав,Zav
ул. Алтайская,60,"",Заводской,Зав,Zav
ул. Алтайская,61,"",Заводской,Зав,Zav
ул. Алтайская,62,"",Заводской,Зав,Zav
ул. Алтайская,63,"",Заводской,Зав,Zav
ул. Алтайская,64,К1,Заводской,Зав,Zav
ул. Алтайская,64,К3,Заводской,Зав,Zav
ул. Алтайская,64,К4,Заводской,Зав,Zav
ул. Алтайская,64,К5,Заводской,Зав,Zav
ул. Алтайская,65,"",Заводской,Зав,Zav
ул. Алтайская,66,"",Заводской,Зав,Zav
ул. Алтайская,66,А,Заводской,Зав,Zav
ул. Алтайская,67,"",Заводской,Зав,Zav
ул. Алтайская,68,"",Заводской,Зав,Zav
ул. Алтайская,69,"",Заводской,Зав,Zav
ул. Алтайская,70,"",Заводской,Зав,Zav
ул. Алтайская,71,"",Заводской,Зав,Zav
ул. Алтайская,72,"",Заводской,Зав,Zav
ул. Алтайская,73,"",Заводской,Зав,Zav
ул. Алтайская,74,"",Заводской,Зав,Zav
ул. Алтайская,75,"",Заводской,Зав,Zav
ул. Алтайская,76,"",Заводской,Зав,Zav
ул. Алтайская,77,"",Заводской,Зав,Zav
ул. Алтайская,78,"",Заводской,Зав,Zav
ул. Алтайская,78,К2,Заводской,Зав,Zav
ул. Алтайская,78,К3,Заводской,Зав,Zav
ул. Алтайская,79,"",Заводской,Зав,Zav
ул. Алтайская,80,"",Заводской,Зав,Zav
ул. Алтайская,81,"",Заводской,Зав,Zav
ул. Алтайская,82,"",Заводской,Зав,Zav
ул. Алтайская,83,"",Заводской,Зав,Zav
ул. Алтайская,84,"",Заводской,Зав,Zav
ул. Алтайская,85,"",Заводской,Зав,Zav
ул. Алтайская,87,"",Заводской,Зав,Zav
ул. Алтайская,88,"",Заводской,Зав,Zav
ул. Алтайская,89,"",Заводской,Зав,Zav
ул. Алтайская,90,"",Заводской,Зав,Zav
ул. Алтайская,90,К1,Заводской,Зав,Zav
ул. Алтайская,91,"",Заводской,Зав,Zav
ул. Алтайская,92,"",Заводской,Зав,Zav
ул. Алтайская,93,"",Заводской,Зав,Zav
ул. Алтайская,94,"",Заводской,Зав,Zav
ул. Алтайская,95,"",Заводской,Зав,Zav
ул. Алтайская,96,"",Заводской,Зав,Zav
ул. Алтайская,97,"",Заводской,Зав,Zav
ул. Алтайская,98,"",Заводской,Зав,Zav
ул. Алтайская,99,"",Заводской,Зав,Zav
ул. Алтайская,100,"",Заводской,Зав,Zav
ул. Алтайская,101,"",Заводской,Зав,Zav
ул. Алтайская,102,К1,Заводской,Зав,Zav
ул. Алтайская,102,К2,Заводской,Зав,Zav
ул. Алтайская,102,К3,Заводской,Зав,Zav
ул. Алтайская,103,"",Заводской,Зав,Zav
ул. Алтайская,105,"",Заводской,Зав,Zav
ул. Алтайская,106,"",Заводской,Зав,Zav
ул. Алтайская,107,"",Заводской,Зав,Zav
ул. Алтайская,110,"",Заводской,Зав,Zav
ул. Алтайская,111,"",Заводской,Зав,Zav
ул. Алтайская,112,"",Заводской,Зав,Zav
ул. Алтайская,113,"",Заводской,Зав,Zav
ул. Алтайская,114,"",Заводской,Зав,Zav
ул. Алтайская,115,"",Заводской,Зав,Zav
ул. Алтайская,116,"",Заводской,Зав,Zav
ул. Алтайская,117,"",Заводской,Зав,Zav
ул. Алтайская,118,"",Заводской,Зав,Zav
ул. Алтайская,119,"",Заводской,Зав,Zav
ул. Алтайская,120,"",Заводской,Зав,Zav
ул. Алтайская,121,"",Заводской,Зав,Zav
ул. Алтайская,122,"",Заводской,Зав,Zav
ул. Алтайская,124,"",Заводской,Зав,Zav
ул. Алтайская,125,"",Заводской,Зав,Zav
ул. Алтайская,126,"",Заводской,Зав,Zav
ул. Алтайская,127,"",Заводской,Зав,Zav
ул. Алтайская,128,"",Заводской,Зав,Zav
ул. Алтайская,129,"",Заводской,Зав,Zav
ул. Алтайская,130,"",Заводской,Зав,Zav
ул. Алтайская,131,"",Заводской,Зав,Zav
ул. Алтайская,132,"",Заводской,Зав,Zav
ул. Алтайская,133,"",Заводской,Зав,Zav
ул. Алтайская,134,"",Заводской,Зав,Zav
ул. Алтайская,136,"",Заводской,Зав,Zav
ул. Алтайская,138,"",Заводской,Зав,Zav
ул. Алтайская,140,"",Заводской,Зав,Zav
ул. Алтайская,142,"",Заводской,Зав,Zav
ул. Алтайская,144,"",Заводской,Зав,Zav
ул. Алтайская,146,"",Заводской,Зав,Zav
ул. Алтайская,148,"",Заводской,Зав,Zav
ул. Алтайская,150,"",Заводской,Зав,Zav
ул. Алтайская,152,"",Заводской,Зав,Zav
ул. Алтайская,154,"",Заводской,Зав,Zav
ул. Алтайская,156,"",Заводской,Зав,Zav
ул. Алтайская,158,"",Заводской,Зав,Zav
ул. Алтайская,160,"",Заводской,Зав,Zav
ул. Алтайская,162,"",Заводской,Зав,Zav
ул. Алтайская,164,"",Заводской,Зав,Zav
ул. Алтайская,164,К1,Заводской,Зав,Zav
ул. Алтайская,164,К2,Заводской,Зав,Zav
ул. Алтайская,166,"",Заводской,Зав,Zav
ул. Алтайская,166,К1,Заводской,Зав,Zav
ул. Алтайская,166,К2,Заводской,Зав,Zav
ул. Алтайская,168,"",Заводской,Зав,Zav
ул. Алтайская,170,"",Заводской,Зав,Zav
ул. Алтайская,172,"",Заводской,Зав,Zav
ул. Алтайская,174,"",Заводской,Зав,Zav
ул. Алтайская,176,"",Заводской,Зав,Zav
ул. Алтайская,178,"",Заводской,Зав,Zav
ул. Алтайская,180,"",Заводской,Зав,Zav
ул. Алтайская,182,"",Заводской,Зав,Zav
ул. Алтайская,184,"",Заводской,Зав,Zav
ул. Алтайская,186,"",Заводской,Зав,Zav
ул. Алтайская,188,"",Заводской,Зав,Zav
ул. Алтайская,190,"",Заводской,Зав,Zav
ул. Алтайская,192,"",Заводской,Зав,Zav
ул. Алтайская,194,"",Заводской,Зав,Zav
ул. Алтайская,196,"",Заводской,Зав,Zav
ул. Алтайская,198,"",Заводской,Зав,Zav
ул. Алтайская,202,"",Заводской,Зав,Zav
ул. Алтайская,204,"",Заводской,Зав,Zav
ул. Алтайская,222,"",Заводской,Зав,Zav
ул. Алтайская,224,"",Заводской,Зав,Zav
ул. Алтайская,226,"",Заводской,Зав,Zav
ул. Алтайская,230,"",Заводской,Зав,Zav
ул. Алтайская,232,"",Заводской,Зав,Zav
ул. Алтайская,238,"",Заводской,Зав,Zav
ул. Алтайская,240,"",Заводской,Зав,Zav
ул. Алтайская,242,"",Заводской,Зав,Zav
ул. Алтайская,248,"",Заводской,Зав,Zav
ул. Алтайская,250,"",Заводской,Зав,Zav
ул. Алтайская,252,"",Заводской,Зав,Zav
пер. Алтайский,1,"",Заводской,Зав,Zav
пер. Алтайский,3,"",Заводской,Зав,Zav
пер. Алтайский,4,"",Заводской,Зав,Zav
пер. Алтайский,5,"",Заводской,Зав,Zav
пер. Алтайский,7,"",Заводской,Зав,Zav
пер. Алтайский,8,"",Заводской,Зав,Zav
пер. Алтайский,9,"",Заводской,Зав,Zav
пер. Алтайский,10,"",Заводской,Зав,Zav
пер. Алтайский,11,"",Заводской,Зав,Zav
пер. Алтайский,12,"",Заводской,Зав,Zav
пер. Алтайский,13,"",Заводской,Зав,Zav
пер. Алтайский,14,"",Заводской,Зав,Zav
пер. Алтайский,15,"",Заводской,Зав,Zav
пер. Алтайский,16,"",Заводской,Зав,Zav
пер. Алтайский,17,"",Заводской,Зав,Zav
пер. Алтайский,18,"",Заводской,Зав,Zav
пер. Алтайский,19,"",Заводской,Зав,Zav
пер. Алтайский,20,"",Заводской,Зав,Zav
пер. Алтайский,21,"",Заводской,Зав,Zav
пер. Алтайский,22,"",Заводской,Зав,Zav
пер. Алтайский,23,"",Заводской,Зав,Zav
пер. Алтайский,24,"",Заводской,Зав,Zav
пер. Алтайский,25,"",Заводской,Зав,Zav
пер. Алтайский,26,"",Заводской,Зав,Zav
пер. Алтайский,27,"",Заводской,Зав,Zav
пер. Алтайский,28,"",Заводской,Зав,Zav
пер. Алтайский,29,"",Заводской,Зав,Zav
пер. Алтайский,30,"",Заводской,Зав,Zav
пер. Алтайский,31,"",Заводской,Зав,Zav
пер. Алтайский,33,"",Заводской,Зав,Zav
пер. Алтайский,34,"",Заводской,Зав,Zav
пер. Алтайский,36,"",Заводской,Зав,Zav
пер. Алтайский,37,"",Заводской,Зав,Zav
пер. Алтайский,38,"",Заводской,Зав,Zav
пер. Алтайский,39,"",Заводской,Зав,Zav
пер. Алтайский,40,"",Заводской,Зав,Zav
пер. Алтайский,41,"",Заводской,Зав,Zav
пер. Алтайский,42,"",Заводской,Зав,Zav
пер. Алтайский,44,"",Заводской,Зав,Zav
пер. Алтайский,46,"",Заводской,Зав,Zav
пер. Алтайский,50,"",Заводской,Зав,Zav
пер. Алтайский,52,"",Заводской,Зав,Zav
пер. Алтайский,54,"",Заводской,Зав,Zav
пер. Алтайский,56,"",Заводской,Зав,Zav
пер. Алтайский,60,"",Заводской,Зав,Zav
пер. Алтайский,62,"",Заводской,Зав,Zav
пер. Алтайский,64,"",Заводской,Зав,Zav
пер. Алтайский,66,"",Заводской,Зав,Zav
пер. Алтайский,68,"",Заводской,Зав,Zav
пер. Алтайский,70,"",Заводской,Зав,Zav
пер. Алтайский,72,"",Заводской,Зав,Zav
пер. Алтайский,74,"",Заводской,Зав,Zav
пер. Алтайский,76,"",Заводской,Зав,Zav
пер. Алтайский,80,"",Заводской,Зав,Zav
пер. Алтайский,82,"",Заводской,Зав,Zav
пер. Алтайский,84,"",Заводской,Зав,Zav
пер. Алтайский,86,"",Заводской,Зав,Zav
пер. Алтайский,88,"",Заводской,Зав,Zav
пер. Алтайский,92,"",Заводской,Зав,Zav
пер. Алтайский,94,"",Заводской,Зав,Zav
пер. Алтайский,96,"",Заводской,Зав,Zav
пер. Алтайский,122,"",Заводской,Зав,Zav
пер. Алтайский,124,"",Заводской,Зав,Zav
пер. Алтайский,126,"",Заводской,Зав,Zav
пер. Алтайский,128,"",Заводской,Зав,Zav
пер. Алтайский,130,"",Заводской,Зав,Zav
пер. Алтайский,132,"",Заводской,Зав,Zav
пер. Алтайский,134,"",Заводской,Зав,Zav
ул. Амбулаторная,1,"",Ленинский,Лен,Len
ул. Амбулаторная,2,"",Ленинский,Лен,Len
ул. Амбулаторная,4,"",Ленинский,Лен,Len
ул. Амбулаторная,8,"",Ленинский,Лен,Len
ул. Амбулаторная,9,"",Ленинский,Лен,Len
ул. Амбулаторная,10,"",Ленинский,Лен,Len
ул. Амбулаторная,10,А,Ленинский,Лен,Len
ул. Амбулаторная,11,"",Ленинский,Лен,Len
ул. Амбулаторная,12,"",Ленинский,Лен,Len
ул. Амбулаторная,12,А,Ленинский,Лен,Len
ул. Амбулаторная,13,"",Ленинский,Лен,Len
ул. Амбулаторная,14,"",Ленинский,Лен,Len
ул. Амбулаторная,14,А,Ленинский,Лен,Len
ул. Амбулаторная,16,"",Ленинский,Лен,Len
пер. Амбулаторный,1,А,Ленинский,Лен,Len
пер. Амбулаторный,2,"",Ленинский,Лен,Len
пер. Амбулаторный,3,"",Ленинский,Лен,Len
пер. Амбулаторный,4,"",Ленинский,Лен,Len
пер. Амбулаторный,6,"",Ленинский,Лен,Len
пер. Амбулаторный,8,"",Ленинский,Лен,Len
пер. Амбулаторный,10,"",Ленинский,Лен,Len
пер. Амбулаторный,12,"",Ленинский,Лен,Len
ул. Амураторская,2,"",Центральный,Цен,Cen
ул. Амураторская,4,"",Центральный,Цен,Cen
ул. Амураторская,4,А,Центральный,Цен,Cen
ул. Амураторская,5,"",Центральный,Цен,Cen
ул. Амураторская,7,"",Центральный,Цен,Cen
ул. Амурская,2,"",Советский,Сов,Sov
ул. Амурская,3,"",Советский,Сов,Sov
ул. Амурская,3,А,Советский,Сов,Sov
ул. Амурская,5,"",Советский,Сов,Sov
ул. Амурская,7,"",Советский,Сов,Sov
ул. Амурская,7,А,Советский,Сов,Sov
ул. Амурская,9,"",Советский,Сов,Sov
ул. Амурская,9,А,Советский,Сов,Sov
ул. Амурская,10,"",Советский,Сов,Sov
ул. Амурская,11,"",Советский,Сов,Sov
ул. Амурская,13,"",Советский,Сов,Sov
ул. Амурская,14,"",Советский,Сов,Sov
ул. Амурская,16,"",Советский,Сов,Sov
ул. Амурская,17,"",Советский,Сов,Sov
ул. Амурская,18,"",Советский,Сов,Sov
ул. Амурская,20,"",Советский,Сов,Sov
пер. Амурский,3,"",Советский,Сов,Sov
пер. Амурский,4,"",Советский,Сов,Sov
пер. Амурский,5,"",Советский,Сов,Sov
пер. Амурский,6,"",Советский,Сов,Sov
пер. Амурский,7,"",Советский,Сов,Sov
пер. Амурский,9,"",Советский,Сов,Sov
ул. Ангарская,2,К1,Заводской,Зав,Zav
ул. Ангарская,2,К2,Заводской,Зав,Zav
ул. Ангарская,2,К3,Заводской,Зав,Zav
ул. Ангарская,3,К1,Заводской,Зав,Zav
ул. Ангарская,3,К2,Заводской,Зав,Zav
ул. Ангарская,3,К3,Заводской,Зав,Zav
ул. Ангарская,4,К1,Заводской,Зав,Zav
ул. Ангарская,4,К2,Заводской,Зав,Zav
ул. Ангарская,5,К1,Заводской,Зав,Zav
ул. Ангарская,5,К2,Заводской,Зав,Zav
ул. Ангарская,5,К3,Заводской,Зав,Zav
ул. Ангарская,5,К4,Заводской,Зав,Zav
ул. Ангарская,5,К5,Заводской,Зав,Zav
ул. Ангарская,5,К6,Заводской,Зав,Zav
ул. Ангарская,6,"",Заводской,Зав,Zav
ул. Ангарская,7,"",Заводской,Зав,Zav
ул. Ангарская,8,"",Заводской,Зав,Zav
ул. Ангарская,8,А,Заводской,Зав,Zav
ул. Ангарская,9,К1 9К2,Заводской,Зав,Zav
ул. Ангарская,10,К1,Заводской,Зав,Zav
ул. Ангарская,10,К2,Заводской,Зав,Zav
ул. Ангарская,11,"",Заводской,Зав,Zav
ул. Ангарская,12,А,Заводской,Зав,Zav
ул. Ангарская,12,К1,Заводской,Зав,Zav
ул. Ангарская,12,К2,Заводской,Зав,Zav
ул. Ангарская,13,К1,Заводской,Зав,Zav
ул. Ангарская,13,К2,Заводской,Зав,Zav
ул. Ангарская,14,К1,Заводской,Зав,Zav
ул. Ангарская,14,К2,Заводской,Зав,Zav
ул. Ангарская,15,Б,Заводской,Зав,Zav
ул. Ангарская,15,К1,Заводской,Зав,Zav
ул. Ангарская,16,"",Заводской,Зав,Zav
ул. Ангарская,17,"",Заводской,Зав,Zav
ул. Ангарская,18,К1,Заводской,Зав,Zav
ул. Ангарская,18,К2,Заводской,Зав,Zav
ул. Ангарская,18,К3,Заводской,Зав,Zav
ул. Ангарская,18,К4,Заводской,Зав,Zav
ул. Ангарская,19,"",Заводской,Зав,Zav
ул. Ангарская,20,К1,Заводской,Зав,Zav
ул. Ангарская,20,К2,Заводской,Зав,Zav
ул. Ангарская,20,К3,Заводской,Зав,Zav
ул. Ангарская,20,К4,Заводской,Зав,Zav
ул. Ангарская,22,"",Заводской,Зав,Zav
ул. Ангарская,24,"",Заводской,Зав,Zav
ул. Ангарская,25,"",Заводской,Зав,Zav
ул. Ангарская,26,К1,Заводской,Зав,Zav
ул. Ангарская,26,К2,Заводской,Зав,Zav
ул. Ангарская,27,"",Заводской,Зав,Zav
ул. Ангарская,28,"",Заводской,Зав,Zav
ул. Ангарская,29,"",Заводской,Зав,Zav
ул. Ангарская,30,"",Заводской,Зав,Zav
ул. Ангарская,31,"",Заводской,Зав,Zav
ул. Ангарская,33,"",Заводской,Зав,Zav
ул. Ангарская,34,"",Заводской,Зав,Zav
ул. Ангарская,35,"",Заводской,Зав,Zav
ул. Ангарская,36,"",Заводской,Зав,Zav
ул. Ангарская,37,"",Заводской,Зав,Zav
ул. Ангарская,38,"",Заводской,Зав,Zav
ул. Ангарская,39,"",Заводской,Зав,Zav
ул. Ангарская,40,"",Заводской,Зав,Zav
ул. Ангарская,41,"",Заводской,Зав,Zav
ул. Ангарская,42,"",Заводской,Зав,Zav
ул. Ангарская,43,"",Заводской,Зав,Zav
ул. Ангарская,45,"",Заводской,Зав,Zav
ул. Ангарская,46,"",Заводской,Зав,Zav
ул. Ангарская,47,"",Заводской,Зав,Zav
ул. Ангарская,48,"",Заводской,Зав,Zav
ул. Ангарская,48,К2,Заводской,Зав,Zav
ул. Ангарская,49,"",Заводской,Зав,Zav
ул. Ангарская,50,"",Заводской,Зав,Zav
ул. Ангарская,51,"",Заводской,Зав,Zav
ул. Ангарская,52,"",Заводской,Зав,Zav
ул. Ангарская,53,"",Заводской,Зав,Zav
ул. Ангарская,54,"",Заводской,Зав,Zav
ул. Ангарская,55,"",Заводской,Зав,Zav
ул. Ангарская,56,"",Заводской,Зав,Zav
ул. Ангарская,57,"",Заводской,Зав,Zav
ул. Ангарская,58,"",Заводской,Зав,Zav
ул. Ангарская,59,"",Заводской,Зав,Zav
ул. Ангарская,60,"",Заводской,Зав,Zav
ул. Ангарская,60,А,Заводской,Зав,Zav
ул. Ангарская,61,"",Заводской,Зав,Zav
ул. Ангарская,62,"",Заводской,Зав,Zav
ул. Ангарская,62,А,Заводской,Зав,Zav
ул. Ангарская,63,"",Заводской,Зав,Zav
ул. Ангарская,64,"",Заводской,Зав,Zav
ул. Ангарская,65,"",Заводской,Зав,Zav
ул. Ангарская,66,"",Заводской,Зав,Zav
ул. Ангарская,67,"",Заводской,Зав,Zav
ул. Ангарская,68,"",Заводской,Зав,Zav
ул. Ангарская,69,"",Заводской,Зав,Zav
ул. Ангарская,70,"",Заводской,Зав,Zav
ул. Ангарская,71,"",Заводской,Зав,Zav
ул. Ангарская,72,"",Заводской,Зав,Zav
ул. Ангарская,74,"",Заводской,Зав,Zav
ул. Ангарская,75,"",Заводской,Зав,Zav
ул. Ангарская,76,"",Заводской,Зав,Zav
ул. Ангарская,77,"",Заводской,Зав,Zav
ул. Ангарская,78,"",Заводской,Зав,Zav
ул. Ангарская,79,"",Заводской,Зав,Zav
ул. Ангарская,80,"",Заводской,Зав,Zav
ул. Ангарская,80,А,Заводской,Зав,Zav
ул. Ангарская,81,"",Заводской,Зав,Zav
ул. Ангарская,82,"",Заводской,Зав,Zav
ул. Ангарская,83,"",Заводской,Зав,Zav
ул. Ангарская,84,"",Заводской,Зав,Zav
ул. Ангарская,85,"",Заводской,Зав,Zav
ул. Ангарская,86,"",Заводской,Зав,Zav
ул. Ангарская,87,"",Заводской,Зав,Zav
ул. Ангарская,88,"",Заводской,Зав,Zav
ул. Ангарская,89,"",Заводской,Зав,Zav
ул. Ангарская,91,"",Заводской,Зав,Zav
ул. Ангарская,93,"",Заводской,Зав,Zav
ул. Ангарская,94,"",Заводской,Зав,Zav
ул. Ангарская,95,"",Заводской,Зав,Zav
ул. Ангарская,96,"",Заводской,Зав,Zav
ул. Ангарская,97,"",Заводской,Зав,Zav
ул. Ангарская,99,"",Заводской,Зав,Zav
ул. Ангарская,100,"",Заводской,Зав,Zav
ул. Ангарская,101,"",Заводской,Зав,Zav
ул. Ангарская,103,"",Заводской,Зав,Zav
ул. Ангарская,105,"",Заводской,Зав,Zav
ул. Ангарская,107,"",Заводской,Зав,Zav
ул. Ангарская,109,"",Заводской,Зав,Zav
ул. Ангарская,111,"",Заводской,Зав,Zav
ул. Ангарская,113,"",Заводской,Зав,Zav
ул. Ангарская,117,"",Заводской,Зав,Zav
ул. Ангарская,121,"",Заводской,Зав,Zav
ул. Ангарская,123,"",Заводской,Зав,Zav
ул. Ангарская,125,"",Заводской,Зав,Zav
ул. Ангарская,127,"",Заводской,Зав,Zav
ул. Ангарская,129,"",Заводской,Зав,Zav
ул. Ангарская,131,"",Заводской,Зав,Zav
ул. Ангарская,133,"",Заводской,Зав,Zav
ул. Ангарская,135,"",Заводской,Зав,Zav
ул. Ангарская,137,"",Заводской,Зав,Zav
ул. Ангарская,139,"",Заводской,Зав,Zav
ул. Ангарская,141,"",Заводской,Зав,Zav
ул. Ангарская,143,"",Заводской,Зав,Zav
ул. Ангарская,145,"",Заводской,Зав,Zav
ул. Ангарская,147,"",Заводской,Зав,Zav
ул. Ангарская,151,"",Заводской,Зав,Zav
ул. Ангарская,153,"",Заводской,Зав,Zav
ул. Ангарская,155,"",Заводской,Зав,Zav
ул. Ангарская,157,"",Заводской,Зав,Zav
ул. Ангарская,159,"",Заводской,Зав,Zav
ул. Ангарская,160,"",Заводской,Зав,Zav
ул. Ангарская,161,"",Заводской,Зав,Zav
ул. Ангарская,162,"",Заводской,Зав,Zav
ул. Ангарская,164,"",Заводской,Зав,Zav
ул. Ангарская,166,"",Заводской,Зав,Zav
ул. Ангарская,168,"",Заводской,Зав,Zav
ул. Ангарская,169,"",Заводской,Зав,Zav
ул. Ангарская,170,"",Заводской,Зав,Zav
ул. Ангарская,171,"",Заводской,Зав,Zav
ул. Ангарская,172,"",Заводской,Зав,Zav
ул. Ангарская,173,"",Заводской,Зав,Zav
ул. Ангарская,175,"",Заводской,Зав,Zav
ул. Ангарская,176,"",Заводской,Зав,Zav
ул. Ангарская,177,"",Заводской,Зав,Zav
ул. Ангарская,178,"",Заводской,Зав,Zav
ул. Ангарская,179,"",Заводской,Зав,Zav
ул. Ангарская,180,"",Заводской,Зав,Zav
ул. Ангарская,181,"",Заводской,Зав,Zav
ул. Ангарская,182,"",Заводской,Зав,Zav
ул. Ангарская,183,"",Заводской,Зав,Zav
ул. Ангарская,186,"",Заводской,Зав,Zav
ул. Ангарская,187,"",Заводской,Зав,Zav
ул. Ангарская,188,"",Заводской,Зав,Zav
ул. Ангарская,197,"",Заводской,Зав,Zav
ул. Ангарская,209,"",Заводской,Зав,Zav
ул. Ангарская,211,"",Заводской,Зав,Zav
ул. Ангарская,213,"",Заводской,Зав,Zav
ул. Ангарская,215,"",Заводской,Зав,Zav
ул. Ангарская,217,"",Заводской,Зав,Zav
ул. Ангарская,219,"",Заводской,Зав,Zav
ул. Ангарская,221,"",Заводской,Зав,Zav
ул. Ангарская,223,"",Заводской,Зав,Zav
ул. Ангарская,225,"",Заводской,Зав,Zav
ул. Ангарская,227,"",Заводской,Зав,Zav
ул. Ангарская,229,"",Заводской,Зав,Zav
пер. Ангарский,3,"",Заводской,Зав,Zav
пер. Ангарский,4,"",Заводской,Зав,Zav
пер. Ангарский,5,"",Заводской,Зав,Zav
пер. Ангарский,6,"",Заводской,Зав,Zav
пер. Ангарский,7,"",Заводской,Зав,Zav
пер. Ангарский,8,"",Заводской,Зав,Zav
пер. Ангарский,13,"",Заводской,Зав,Zav
пер. Ангарский,14,"",Заводской,Зав,Zav
пер. Ангарский,15,"",Заводской,Зав,Zav
пер. Ангарский,16,"",Заводской,Зав,Zav
пер. Ангарский,17,"",Заводской,Зав,Zav
пер. Ангарский,18,"",Заводской,Зав,Zav
пер. Ангарский,23,"",Заводской,Зав,Zav
пер. Ангарский,24,"",Заводской,Зав,Zav
пер. Ангарский,25,"",Заводской,Зав,Zav
пер. Ангарский,27,"",Заводской,Зав,Zav
пер. Ангарский,28,"",Заводской,Зав,Zav
пер. Ангарский,29,"",Заводской,Зав,Zav
пер. Ангарский,30,"",Заводской,Зав,Zav
пер. Ангарский,31,"",Заводской,Зав,Zav
пер. Ангарский,32,"",Заводской,Зав,Zav
пер. Ангарский,34,"",Заводской,Зав,Zav
пер. Ангарский,35,"",Заводской,Зав,Zav
пер. Ангарский,37,"",Заводской,Зав,Zav
пер. Ангарский,39,"",Заводской,Зав,Zav
пер. Ангарский,40,"",Заводской,Зав,Zav
пер. Ангарский,41,"",Заводской,Зав,Zav
пер. Ангарский,42,"",Заводской,Зав,Zav
пер. Ангарский,43,"",Заводской,Зав,Zav
пер. Ангарский,44,"",Заводской,Зав,Zav
пер. Ангарский,45,"",Заводской,Зав,Zav
пер. Ангарский,46,"",Заводской,Зав,Zav
пер. Ангарский,48,"",Заводской,Зав,Zav
пер. Ангарский,50,"",Заводской,Зав,Zav
пер. Ангарский,51,"",Заводской,Зав,Zav
пер. Ангарский,53,"",Заводской,Зав,Zav
пер. Ангарский,55,"",Заводской,Зав,Zav
пер. Ангарский,56,"",Заводской,Зав,Zav
пер. Ангарский,57,"",Заводской,Зав,Zav
пер. Ангарский,58,"",Заводской,Зав,Zav
пер. Ангарский,60,"",Заводской,Зав,Zav
пер. Ангарский,62,"",Заводской,Зав,Zav
пер. Ангарский,63,"",Заводской,Зав,Zav
пер. Ангарский,65,"",Заводской,Зав,Zav
пер. Ангарский,67,"",Заводской,Зав,Zav
пер. Ангарский,68,"",Заводской,Зав,Zav
пер. Ангарский,69,"",Заводской,Зав,Zav
пер. Ангарский,70,"",Заводской,Зав,Zav
пер. Ангарский,72,"",Заводской,Зав,Zav
пер. Ангарский,74,"",Заводской,Зав,Zav
пер. Ангарский,75,"",Заводской,Зав,Zav
пер. Ангарский,77,"",Заводской,Зав,Zav
пер. Ангарский,79,"",Заводской,Зав,Zav
пер. Ангарский,80,"",Заводской,Зав,Zav
пер. Ангарский,81,"",Заводской,Зав,Zav
пер. Ангарский,82,"",Заводской,Зав,Zav
пер. Ангарский,83,"",Заводской,Зав,Zav
пер. Ангарский,84,"",Заводской,Зав,Zav
пер. Ангарский,86,"",Заводской,Зав,Zav
пер. Ангарский,87,"",Заводской,Зав,Zav
пер. Ангарский,89,"",Заводской,Зав,Zav
пер. Ангарский,90,"",Заводской,Зав,Zav
пер. Ангарский,91,"",Заводской,Зав,Zav
пер. Ангарский,92,"",Заводской,Зав,Zav
пер. Ангарский,93,"",Заводской,Зав,Zav
пер. Ангарский,94,"",Заводской,Зав,Zav
пер. Ангарский,97,"",Заводской,Зав,Zav
пер. Ангарский,98,"",Заводской,Зав,Zav
пер. Ангарский,99,"",Заводской,Зав,Zav
пер. Ангарский,100,"",Заводской,Зав,Zav
пер. Ангарский,101,"",Заводской,Зав,Zav
пер. Ангарский,103,"",Заводской,Зав,Zav
пер. Ангарский,104,"",Заводской,Зав,Zav
пер. Ангарский,105,"",Заводской,Зав,Zav
пер. Ангарский,106,"",Заводской,Зав,Zav
пер. Ангарский,107,"",Заводской,Зав,Zav
пер. Ангарский,108,"",Заводской,Зав,Zav
пер. Ангарский,109,"",Заводской,Зав,Zav
пер. Ангарский,111,"",Заводской,Зав,Zav
пер. Ангарский,112,"",Заводской,Зав,Zav
пер. Ангарский,113,"",Заводской,Зав,Zav
пер. Ангарский,114,"",Заводской,Зав,Zav
пер. Ангарский,115,"",Заводской,Зав,Zav
пер. Ангарский,116,"",Заводской,Зав,Zav
пер. Ангарский,117,"",Заводской,Зав,Zav
пер. Ангарский,118,"",Заводской,Зав,Zav
пер. Ангарский,119,"",Заводской,Зав,Zav
пер. Ангарский,123,"",Заводской,Зав,Zav
пер. Ангарский,124,"",Заводской,Зав,Zav
пер. Ангарский,126,"",Заводской,Зав,Zav
пер. Ангарский,127,"",Заводской,Зав,Zav
пер. Ангарский,128,"",Заводской,Зав,Zav
пер. Ангарский,129,"",Заводской,Зав,Zav
пер. Ангарский,130,"",Заводской,Зав,Zav
пер. Ангарский,131,"",Заводской,Зав,Zav
пер. Ангарский,132,"",Заводской,Зав,Zav
пер. Ангарский,133,"",Заводской,Зав,Zav
пер. Ангарский,135,"",Заводской,Зав,Zav
пер. Ангарский,136,"",Заводской,Зав,Zav
пер. Ангарский,137,"",Заводской,Зав,Zav
пер. Ангарский,139,"",Заводской,Зав,Zav
пер. Ангарский,140,"",Заводской,Зав,Zav
пер. Ангарский,142,"",Заводской,Зав,Zav
пер. Ангарский,143,"",Заводской,Зав,Zav
пер. Ангарский,144,"",Заводской,Зав,Zav
пер. Ангарский,145,"",Заводской,Зав,Zav
пер. Ангарский,146,"",Заводской,Зав,Zav
пер. Ангарский,147,"",Заводской,Зав,Zav
пер. Ангарский,148,"",Заводской,Зав,Zav
пер. Ангарский,149,"",Заводской,Зав,Zav
пер. Ангарский,150,"",Заводской,Зав,Zav
пер. Ангарский,151,"",Заводской,Зав,Zav
пер. Ангарский,152,"",Заводской,Зав,Zav
пер. Ангарский,153,"",Заводской,Зав,Zav
пер. Ангарский,154,"",Заводской,Зав,Zav
пер. Ангарский,155,"",Заводской,Зав,Zav
пер. Ангарский,156,"",Заводской,Зав,Zav
пер. Ангарский,157,"",Заводской,Зав,Zav
пер. Ангарский,181,"",Заводской,Зав,Zav
пер. Ангарский,184,"",Заводской,Зав,Zav
пер. Ангарский,185,"",Заводской,Зав,Zav
пер. Ангарский,189,"",Заводской,Зав,Zav
пер. Ангарский,190,"",Заводской,Зав,Zav
пер. Ангарский,191,"",Заводской,Зав,Zav
пер. Ангарский,194,"",Заводской,Зав,Zav
пер. Ангарский,195,"",Заводской,Зав,Zav
пер. Ангарский,196,"",Заводской,Зав,Zav
пер. Ангарский,197,"",Заводской,Зав,Zav
пер. Ангарский,198,"",Заводской,Зав,Zav
пер. Ангарский,199,"",Заводской,Зав,Zav
пер. Ангарский,201,"",Заводской,Зав,Zav
пер. Ангарский,202,"",Заводской,Зав,Zav
пер. Ангарский,203,"",Заводской,Зав,Zav
пер. Ангарский,204,"",Заводской,Зав,Zav
пер. Ангарский,205,"",Заводской,Зав,Zav
пер. Ангарский,206,"",Заводской,Зав,Zav
пер. Ангарский,208,"",Заводской,Зав,Zav
пер. Ангарский,210,"",Заводской,Зав,Zav
пер. Ангарский,211,"",Заводской,Зав,Zav
пер. Ангарский,212,"",Заводской,Зав,Zav
пер. Ангарский,213,"",Заводской,Зав,Zav
пер. Ангарский,214,"",Заводской,Зав,Zav
пер. Ангарский,215,"",Заводской,Зав,Zav
пер. Ангарский,216,"",Заводской,Зав,Zav
пер. Ангарский,217,"",Заводской,Зав,Zav
пер. Ангарский,218,"",Заводской,Зав,Zav
пер. Ангарский,220,"",Заводской,Зав,Zav
пер. Ангарский,222,"",Заводской,Зав,Zav
ул. Андреевская,3,"",Партизанский,Пар,Par
ул. Андреевская,3,К2,Партизанский,Пар,Par
ул. Андреевская,4,"",Партизанский,Пар,Par
ул. Андреевская,5,"",Партизанский,Пар,Par
ул. Андреевская,7,К1,Партизанский,Пар,Par
ул. Андреевская,7,К2,Партизанский,Пар,Par
ул. Андреевская,9,"",Партизанский,Пар,Par
ул. Андреевская,21,"",Партизанский,Пар,Par
ул. Андреевская,28,"",Партизанский,Пар,Par
ул. Аннаева,1,"",Партизанский,Пар,Par
ул. Аннаева,2,"",Партизанский,Пар,Par
ул. Аннаева,3,"",Партизанский,Пар,Par
ул. Аннаева,4,"",Партизанский,Пар,Par
ул. Аннаева,5,"",Партизанский,Пар,Par
ул. Аннаева,6,"",Партизанский,Пар,Par
ул. Аннаева,7,"",Партизанский,Пар,Par
ул. Аннаева,8,"",Партизанский,Пар,Par
ул. Аннаева,10,"",Партизанский,Пар,Par
ул. Аннаева,11,"",Партизанский,Пар,Par
ул. Аннаева,12,"",Партизанский,Пар,Par
ул. Аннаева,13,"",Партизанский,Пар,Par
ул. Аннаева,14,"",Партизанский,Пар,Par
ул. Аннаева,15,"",Партизанский,Пар,Par
ул. Аннаева,16,"",Партизанский,Пар,Par
ул. Аннаева,17,"",Партизанский,Пар,Par
ул. Аннаева,18,"",Партизанский,Пар,Par
ул. Аннаева,20,"",Партизанский,Пар,Par
ул. Аннаева,21,"",Партизанский,Пар,Par
ул. Аннаева,22,"",Партизанский,Пар,Par
ул. Аннаева,23,"",Партизанский,Пар,Par
ул. Аннаева,24,"",Партизанский,Пар,Par
ул. Аннаева,25,"",Партизанский,Пар,Par
ул. Аннаева,26,"",Партизанский,Пар,Par
ул. Аннаева,27,"",Партизанский,Пар,Par
ул. Аннаева,28,"",Партизанский,Пар,Par
ул. Аннаева,28,А,Партизанский,Пар,Par
ул. Аннаева,29,"",Партизанский,Пар,Par
ул. Аннаева,32,"",Партизанский,Пар,Par
ул. Аннаева,34,"",Партизанский,Пар,Par
ул. Аннаева,35,"",Партизанский,Пар,Par
ул. Аннаева,36,"",Партизанский,Пар,Par
ул. Аннаева,37,"",Партизанский,Пар,Par
ул. Аннаева,38,"",Партизанский,Пар,Par
ул. Аннаева,40,"",Партизанский,Пар,Par
ул. Аннаева,41,"",Партизанский,Пар,Par
ул. Аннаева,43,"",Партизанский,Пар,Par
ул. Аннаева,44,"",Партизанский,Пар,Par
ул. Аннаева,46,"",Партизанский,Пар,Par
ул. Аннаева,47,"",Партизанский,Пар,Par
ул. Аннаева,49,"",Партизанский,Пар,Par
ул. Аннаева,50,"",Партизанский,Пар,Par
ул. Аннаева,50,А,Партизанский,Пар,Par
ул. Аннаева,52,"",Партизанский,Пар,Par
ул. Аннаева,54,"",Партизанский,Пар,Par
ул. Аннаева,56,А,Партизанский,Пар,Par
ул. Аннаева,58,"",Партизанский,Пар,Par
ул. Аннаева,60,"",Партизанский,Пар,Par
ул. Аннаева,66,"",Партизанский,Пар,Par
ул. Аннаева,67,"",Партизанский,Пар,Par
ул. Аннаева,68,"",Партизанский,Пар,Par
ул. Аннаева,69,"",Партизанский,Пар,Par
ул. Аннаева,70,"",Партизанский,Пар,Par
ул. Аннаева,72,"",Партизанский,Пар,Par
ул. Аннаева,74,"",Партизанский,Пар,Par
ул. Аннаева,76,"",Партизанский,Пар,Par
ул. Аннаева,78,"",Партизанский,Пар,Par
ул. Аннаева,84,"",Партизанский,Пар,Par
ул. Аннаева,84,А,Партизанский,Пар,Par
ул. Антоновская,2,"",Партизанский,Пар,Par
ул. Антоновская,2,А,Партизанский,Пар,Par
ул. Антоновская,7,"",Партизанский,Пар,Par
ул. Антоновская,8,"",Партизанский,Пар,Par
ул. Антоновская,9,"",Партизанский,Пар,Par
ул. Антоновская,10,"",Партизанский,Пар,Par
ул. Антоновская,11,"",Партизанский,Пар,Par
ул. Антоновская,12,"",Партизанский,Пар,Par
ул. Антоновская,12,А,Партизанский,Пар,Par
ул. Антоновская,13,"",Партизанский,Пар,Par
ул. Антоновская,14,"",Партизанский,Пар,Par
ул. Антоновская,14,А,Партизанский,Пар,Par
ул. Антоновская,14,Б,Партизанский,Пар,Par
ул. Антоновская,15,"",Партизанский,Пар,Par
ул. Антоновская,16,"",Партизанский,Пар,Par
ул. Антоновская,18,"",Партизанский,Пар,Par
ул. Антоновская,20,"",Партизанский,Пар,Par
ул. Антоновская,22,"",Партизанский,Пар,Par
ул. Антоновская,24,"",Партизанский,Пар,Par
ул. Антоновская,28,"",Партизанский,Пар,Par
ул. Антоновская,28,А,Партизанский,Пар,Par
ул. Антоновская,30,"",Партизанский,Пар,Par
ул. Антоновская,30,А,Партизанский,Пар,Par
ул. Антоновская,32,"",Партизанский,Пар,Par
ул. Аполинарьевская,1,"",Советский,Сов,Sov
ул. Аполинарьевская,2,"",Советский,Сов,Sov
ул. Аполинарьевская,3,"",Советский,Сов,Sov
ул. Аполинарьевская,4,"",Советский,Сов,Sov
ул. Аполинарьевская,5,"",Советский,Сов,Sov
ул. Аполинарьевская,6,"",Советский,Сов,Sov
ул. Аполинарьевская,10,"",Советский,Сов,Sov
ул. Аранская,1,"",Ленинский,Лен,Len
ул. Аранская,2,"",Ленинский,Лен,Len
ул. Аранская,2,А,Ленинский,Лен,Len
ул. Аранская,3,"",Ленинский,Лен,Len
ул. Аранская,5,"",Ленинский,Лен,Len
ул. Аранская,6,"",Ленинский,Лен,Len
ул. Аранская,9,"",Ленинский,Лен,Len
ул. Аранская,11,"",Ленинский,Лен,Len
ул. Аранская,13,"",Ленинский,Лен,Len
ул. Аранская,18,"",Ленинский,Лен,Len
ул. Аранская,22,А,Ленинский,Лен,Len
ул. Аранская,24,"",Ленинский,Лен,Len
ул. Арктическая 1-я,5,"",Советский,Сов,Sov
ул. Арктическая 2-я,1,,Советский,Сов,Sov
ул. Артёма,3,"",Заводской,Зав,Zav
ул. Артёма,4,"",Заводской,Зав,Zav
ул. Артёма,5,"",Заводской,Зав,Zav
ул. Артёма,6,"",Заводской,Зав,Zav
ул. Артёма,7,"",Заводской,Зав,Zav
ул. Артёма,8,"",Заводской,Зав,Zav
ул. Артёма,10,"",Заводской,Зав,Zav
ул. Артёма,11,"",Заводской,Зав,Zav
ул. Артёма,12,"",Заводской,Зав,Zav
ул. Артёма,14,"",Заводской,Зав,Zav
ул. Артёма,15,"",Заводской,Зав,Zav
ул. Артёма,17,"",Заводской,Зав,Zav
ул. Артёма,21,"",Заводской,Зав,Zav
ул. Артёма,23,"",Заводской,Зав,Zav
ул. Артёма,24,"",Заводской,Зав,Zav
ул. Артёма,28,"",Заводской,Зав,Zav
ул. Артёма,29,"",Заводской,Зав,Zav
ул. Артёма,33,"",Заводской,Зав,Zav
ул. Артёма,34,"",Заводской,Зав,Zav
ул. Артёма,35,"",Заводской,Зав,Zav
ул. Артёма,36,"",Заводской,Зав,Zav
ул. Артёма,37,"",Заводской,Зав,Zav
ул. Артёма,38,"",Заводской,Зав,Zav
ул. Артёма,39,"",Заводской,Зав,Zav
ул. Артёма,40,"",Заводской,Зав,Zav
пер. Артёма 1-й,1,,Заводской,Зав,Zav
проезд Артёма 1-й,1,,Заводской,Зав,Zav
проезд Артёма 4-й,1,,Заводской,Зав,Zav
ул. Артиллеристов,6,А,Октябрьский,Окт,Okt
ул. Артиллеристов,8,"",Октябрьский,Окт,Okt
ул. Артиллеристов,8,А,Октябрьский,Окт,Okt
ул. Артиллеристов,9,"",Октябрьский,Окт,Okt
ул. Артиллеристов,9,А,Октябрьский,Окт,Okt
ул. Артиллеристов,10,"",Октябрьский,Окт,Okt
ул. Артиллеристов,11,"",Октябрьский,Окт,Okt
ул. Артиллеристов,11,А,Октябрьский,Окт,Okt
ул. Артиллеристов,12,"",Октябрьский,Окт,Okt
ул. Артиллеристов,13,"",Октябрьский,Окт,Okt
ул. Артиллеристов,14,"",Октябрьский,Окт,Okt
ул. Артиллеристов,15,"",Октябрьский,Окт,Okt
ул. Артиллеристов,16,"",Октябрьский,Окт,Okt
ул. Артиллеристов,18,"",Октябрьский,Окт,Okt
ул. Артиллеристов,20,"",Октябрьский,Окт,Okt
ул. Асаналиева,1,"",Октябрьский,Окт,Okt
ул. Асаналиева,2,"",Октябрьский,Окт,Okt
ул. Асаналиева,4,"",Октябрьский,Окт,Okt
ул. Асаналиева,5,"",Октябрьский,Окт,Okt
ул. Асаналиева,6,А,Октябрьский,Окт,Okt
ул. Асаналиева,6,К1,Октябрьский,Окт,Okt
ул. Асаналиева,6,К2,Октябрьский,Окт,Okt
ул. Асаналиева,7,"",Октябрьский,Окт,Okt
ул. Асаналиева,8,"",Октябрьский,Окт,Okt
ул. Асаналиева,9,"",Октябрьский,Окт,Okt
ул. Асаналиева,10,"",Октябрьский,Окт,Okt
ул. Асаналиева,11,К1,Октябрьский,Окт,Okt
ул. Асаналиева,11,К2,Октябрьский,Окт,Okt
ул. Асаналиева,11,К3,Октябрьский,Окт,Okt
ул. Асаналиева,12,"",Октябрьский,Окт,Okt
ул. Асаналиева,13,К1,Октябрьский,Окт,Okt
ул. Асаналиева,13,К2,Октябрьский,Окт,Okt
ул. Асаналиева,13,К3,Октябрьский,Окт,Okt
ул. Асаналиева,14,"",Октябрьский,Окт,Okt
ул. Асаналиева,15,"",Октябрьский,Окт,Okt
ул. Асаналиева,16,"",Октябрьский,Окт,Okt
ул. Асаналиева,18,"",Октябрьский,Окт,Okt
ул. Асаналиева,20,К1,Октябрьский,Окт,Okt
ул. Асаналиева,20,К2,Октябрьский,Окт,Okt
ул. Асаналиева,22,К1,Октябрьский,Окт,Okt
ул. Асаналиева,22,К3,Октябрьский,Окт,Okt
ул. Асаналиева,24,"",Октябрьский,Окт,Okt
ул. Асаналиева,26,"",Октябрьский,Окт,Okt
ул. Асаналиева,27,"",Октябрьский,Окт,Okt
ул. Асаналиева,28,"",Октябрьский,Окт,Okt
ул. Асаналиева,29,"",Октябрьский,Окт,Okt
ул. Асаналиева,30,"",Октябрьский,Окт,Okt
ул. Асаналиева,31,"",Октябрьский,Окт,Okt
ул. Асаналиева,32,"",Октябрьский,Окт,Okt
ул. Асаналиева,34,А,Октябрьский,Окт,Okt
ул. Асаналиева,34,К2,Октябрьский,Окт,Okt
ул. Асаналиева,36,К1,Октябрьский,Окт,Okt
ул. Асаналиева,36,К2,Октябрьский,Окт,Okt
ул. Асаналиева,38,"",Октябрьский,Окт,Okt
ул. Асаналиева,40,"",Октябрьский,Окт,Okt
ул. Асаналиева,40,К1,Октябрьский,Окт,Okt
ул. Асаналиева,42,"",Октябрьский,Окт,Okt
ул. Асаналиева,44,"",Октябрьский,Окт,Okt
ул. Асаналиева,46,"",Октябрьский,Окт,Okt
ул. Асаналиева,48,"",Октябрьский,Окт,Okt
ул. Асаналиева,48,А,Октябрьский,Окт,Okt
ул. Асаналиева,50,"",Октябрьский,Окт,Okt
ул. Асаналиева,52,"",Октябрьский,Окт,Okt
ул. Асаналиева,56,"",Октябрьский,Окт,Okt
ул. Асаналиева,58,"",Октябрьский,Окт,Okt
ул. Асаналиева,60,"",Октябрьский,Окт,Okt
ул. Асаналиева,62,"",Октябрьский,Окт,Okt
ул. Асаналиева,64,"",Октябрьский,Окт,Okt
ул. Асаналиева,66,"",Октябрьский,Окт,Okt
ул. Асаналиева,68,"",Октябрьский,Окт,Okt
ул. Асаналиева,72,"",Октябрьский,Окт,Okt
ул. Асаналиева,72,А,Октябрьский,Окт,Okt
ул. Асаналиева,84,"",Октябрьский,Окт,Okt
пер. Асаналиева,3,"",Октябрьский,Окт,Okt
пер. Асаналиева,4,А,Октябрьский,Окт,Okt
пер. Асаналиева,5,"",Октябрьский,Окт,Okt
пер. Асаналиева,6,"",Октябрьский,Окт,Okt
пер. Асаналиева,6,А,Октябрьский,Окт,Okt
пер. Асаналиева,8,"",Октябрьский,Окт,Okt
ул. Ауэзова,3,"",Заводской,Зав,Zav
ул. Ауэзова,4,"",Заводской,Зав,Zav
ул. Ауэзова,5,"",Заводской,Зав,Zav
ул. Ауэзова,6,"",Заводской,Зав,Zav
ул. Ауэзова,7,"",Заводской,Зав,Zav
ул. Ауэзова,7,А,Заводской,Зав,Zav
ул. Ауэзова,7,К2,Заводской,Зав,Zav
ул. Ауэзова,8,"",Заводской,Зав,Zav
ул. Ауэзова,8,К3,Заводской,Зав,Zav
ул. Ауэзова,9,"",Заводской,Зав,Zav
ул. Ауэзова,10,"",Заводской,Зав,Zav
ул. Ауэзова,10,А,Заводской,Зав,Zav
ул. Ауэзова,11,"",Заводской,Зав,Zav
ул. Ауэзова,12,"",Заводской,Зав,Zav
ул. Ауэзова,14,"",Заводской,Зав,Zav
ул. Аэродромная,1,"",Октябрьский,Окт,Okt
ул. Аэродромная,2,"",Октябрьский,Окт,Okt
ул. Аэродромная,2,А,Октябрьский,Окт,Okt
ул. Аэродромная,2,А-Н,Октябрьский,Окт,Okt
ул. Аэродромная,2,Б,Октябрьский,Окт,Okt
ул. Аэродромная,2,Д,Октябрьский,Окт,Okt
ул. Аэродромная,3,"",Октябрьский,Окт,Okt
ул. Аэродромная,3,А,Октябрьский,Окт,Okt
ул. Аэродромная,4,"",Октябрьский,Окт,Okt
ул. Аэродромная,4,А,Октябрьский,Окт,Okt
ул. Аэродромная,4,Б,Октябрьский,Окт,Okt
ул. Аэродромная,4,К3,Октябрьский,Окт,Okt
ул. Аэродромная,4,К4,Октябрьский,Окт,Okt
ул. Аэродромная,5,"",Октябрьский,Окт,Okt
ул. Аэродромная,5,К2,Октябрьский,Окт,Okt
ул. Аэродромная,7,"",Октябрьский,Окт,Okt
ул. Аэродромная,8,А,Октябрьский,Окт,Okt
ул. Аэродромная,9,"",Октябрьский,Окт,Okt
ул. Аэродромная,9,А,Октябрьский,Окт,Okt
ул. Аэродромная,10,"",Октябрьский,Окт,Okt
ул. Аэродромная,10,А,Октябрьский,Окт,Okt
ул. Аэродромная,11,"",Октябрьский,Окт,Okt
ул. Аэродромная,11,А,Октябрьский,Окт,Okt
ул. Аэродромная,12,"",Октябрьский,Окт,Okt
ул. Аэродромная,12,А,Октябрьский,Окт,Okt
ул. Аэродромная,13,"",Октябрьский,Окт,Okt
ул. Аэродромная,14,"",Октябрьский,Окт,Okt
ул. Аэродромная,15,"",Октябрьский,Окт,Okt
ул. Аэродромная,16,"",Октябрьский,Окт,Okt
ул. Аэродромная,16,А,Октябрьский,Окт,Okt
ул. Аэродромная,17,"",Октябрьский,Окт,Okt
ул. Аэродромная,18,А,Октябрьский,Окт,Okt
ул. Аэродромная,29,"",Октябрьский,Окт,Okt
ул. Аэродромная,31,"",Октябрьский,Окт,Okt
ул. Аэродромная,33,"",Октябрьский,Окт,Okt
ул. Аэродромная,33,А,Октябрьский,Окт,Okt
ул. Аэродромная,37,"",Октябрьский,Окт,Okt
ул. Аэродромная,39,"",Октябрьский,Окт,Okt
ул. Аэродромная,41,"",Октябрьский,Окт,Okt
ул. Аэродромная,43,"",Октябрьский,Окт,Okt
ул. Аэродромная,45,"",Октябрьский,Окт,Okt
ул. Аэродромная,47,"",Октябрьский,Окт,Okt
ул. Аэродромная,49,"",Октябрьский,Окт,Okt
ул. Аэродромная,51,"",Октябрьский,Окт,Okt
ул. Аэродромная,53,"",Октябрьский,Окт,Okt
ул. Аэродромная,55,"",Октябрьский,Окт,Okt
ул. Аэродромная,57,"",Октябрьский,Окт,Okt
ул. Аэродромная,59,"",Октябрьский,Окт,Okt
ул. Аэродромная,61,"",Октябрьский,Окт,Okt
ул. Аэродромная,63,"",Октябрьский,Окт,Okt
ул. Аэродромная,65,"",Октябрьский,Окт,Okt
ул. Аэродромная,71,"",Октябрьский,Окт,Okt
ул. Аэродромная,73,"",Октябрьский,Окт,Okt
ул. Аэродромная,75,"",Октябрьский,Окт,Okt
ул. Аэродромная,77,"",Октябрьский,Окт,Okt
ул. Аэродромная,78,"",Октябрьский,Окт,Okt
ул. Аэродромная,83,"",Октябрьский,Окт,Okt
ул. Аэродромная,85,"",Октябрьский,Окт,Okt
ул. Аэродромная,87,"",Октябрьский,Окт,Okt
ул. Аэродромная,89,"",Октябрьский,Окт,Okt
ул. Аэродромная,91,"",Октябрьский,Окт,Okt
ул. Аэродромная,95,"",Октябрьский,Окт,Okt
ул. Аэродромная,97,"",Октябрьский,Окт,Okt
ул. Аэродромная,99,"",Октябрьский,Окт,Okt
ул. Аэродромная,109,"",Октябрьский,Окт,Okt
ул. Аэродромная,111,"",Октябрьский,Окт,Okt
ул. Аэродромная,115,"",Октябрьский,Окт,Okt
ул. Аэродромная,117,"",Октябрьский,Окт,Okt
ул. Аэродромная,119,"",Октябрьский,Окт,Okt
ул. Аэродромная,121,"",Октябрьский,Окт,Okt
ул. Аэродромная,123,"",Октябрьский,Окт,Okt
ул. Аэродромная,125,"",Октябрьский,Окт,Okt
пер. Аэродромный,2,"",Октябрьский,Окт,Okt
пер. Аэродромный,3,"",Октябрьский,Окт,Okt
пер. Аэродромный,4,"",Октябрьский,Окт,Okt
пер. Аэродромный,5,"",Октябрьский,Окт,Okt
пер. Аэродромный,6,"",Октябрьский,Окт,Okt
пер. Аэродромный,7,"",Октябрьский,Окт,Okt
пер. Аэродромный,9,"",Октябрьский,Окт,Okt
пер. Аэродромный,10,"",Октябрьский,Окт,Okt
пер. Аэродромный,11,"",Октябрьский,Окт,Okt
пер. Аэродромный,12,"",Октябрьский,Окт,Okt
пер. Аэродромный,13,"",Октябрьский,Окт,Okt
пер. Аэродромный,14,"",Октябрьский,Окт,Okt
пер. Аэродромный,16,"",Октябрьский,Окт,Okt
пер. Аэродромный,17,"",Октябрьский,Окт,Okt
пер. Аэродромный,19,"",Октябрьский,Окт,Okt
пер. Аэродромный,20,"",Октябрьский,Окт,Okt
пер. Аэродромный,21,"",Октябрьский,Окт,Okt
ул. Аэрофлотская,3,"",Октябрьский,Окт,Okt
ул. Аэрофлотская,4,"",Октябрьский,Окт,Okt
ул. Аэрофлотская,5,"",Октябрьский,Окт,Okt
ул. Аэрофлотская,6,"",Октябрьский,Окт,Okt
ул. Аэрофлотская,7,"",Октябрьский,Окт,Okt
ул. Аэрофлотская,8,"",Октябрьский,Окт,Okt
ул. Аэрофлотская,9,"",Октябрьский,Окт,Okt
ул. Аэрофлотская,10,"",Октябрьский,Окт,Okt
ул. Аэрофлотская,11,"",Октябрьский,Окт,Okt
ул. Аэрофлотская,13,"",Октябрьский,Окт,Okt
ул. Аэрофлотская,14,"",Октябрьский,Окт,Okt
ул. Аэрофлотская,15,"",Октябрьский,Окт,Okt
ул. Аэрофлотская,16,"",Октябрьский,Окт,Okt
ул. Аэрофлотская,17,"",Октябрьский,Окт,Okt
ул. Аэрофлотская,18,"",Октябрьский,Окт,Okt
ул. Аэрофлотская,19,"",Октябрьский,Окт,Okt
ул. Аэрофлотская,20,"",Октябрьский,Окт,Okt
ул. Аэрофлотская,21,"",Октябрьский,Окт,Okt
ул. Аэрофлотская,22,"",Октябрьский,Окт,Okt
ул. Аэрофлотская,23,"",Октябрьский,Окт,Okt
ул. Аэрофлотская,24,"",Октябрьский,Окт,Okt
ул. Аэрофлотская,25,"",Октябрьский,Окт,Okt
ул. Аэрофлотская,26,"",Октябрьский,Окт,Okt
ул. Аэрофлотская,27,"",Октябрьский,Окт,Okt
ул. Аэрофлотская,37,"",Октябрьский,Окт,Okt
пер. Аэрофлотский 1-й,3,"",Октябрьский,Окт,Okt
пер. Аэрофлотский 1-й,5,"",Октябрьский,Окт,Okt
пер. Аэрофлотский 1-й,6,"",Октябрьский,Окт,Okt
пер. Аэрофлотский 1-й,7,"",Октябрьский,Окт,Okt
пер. Аэрофлотский 1-й,8,"",Октябрьский,Окт,Okt
пер. Аэрофлотский 1-й,9,"",Октябрьский,Окт,Okt
пер. Аэрофлотский 1-й,10,"",Октябрьский,Окт,Okt
пер. Аэрофлотский 1-й,12,"",Октябрьский,Окт,Okt
пер. Аэрофлотский 1-й,15,"",Октябрьский,Окт,Okt
пер. Аэрофлотский 1-й,17,"",Октябрьский,Окт,Okt
пер. Аэрофлотский 1-й,19,"",Октябрьский,Окт,Okt
пер. Аэрофлотский 1-й,25,"",Октябрьский,Окт,Okt
пер. Аэрофлотский 1-й,27,"",Октябрьский,Окт,Okt
пер. Аэрофлотский 1-й,31,"",Октябрьский,Окт,Okt
ул. Багратиона,1,,Партизанский,Пар,Par
пер. Берсона,1,,Московский,Мос,Mos
ул. Бобруйская,1,,Октябрьский,Окт,Okt
ул. Богдана Хмельницкого,1,,Советский,Сов,Sov
пер. Богдановича,1,,Советский,Сов,Sov
ул. Богдановича,1,,Советский,Сов,Sov
ул. Быховская,1,,Октябрьский,Окт,Okt
ул. Волгоградская,1,,Первомайский,Пер,Per
ул. Володарского,1,,Московский,Мос,Mos
ул. Володарского,1,,Ленинский,Лен,Len
ул. Волоха,1,,Московский,Мос,Mos
ул. Воронянского,1,,Октябрьский,Окт,Okt
пер. Воронянского,1,,Октябрьский,Окт,Okt
ул. Восточная,1,,Советский,Сов,Sov
ул. Володько,1,,Октябрьский,Окт,Okt
ул. Герасименко,1,,Заводской,Зав,Zav
ул. Геологическая,1,,Партизанский,Пар,Par
ул. Героев 120 Дивизии,1,,Первомайский,Пер,Per
ул. Гикало,1,,Советский,Сов,Sov
ул. Гинтовта,1,,Первомайский,Пер,Per
ул. Грибоедова,1,,Центральный,Цен,Cen
ул. Грицевца,1,,Партизанский,Пар,Par
ул. Гуртьева,1,,Первомайский,Пер,Per
ул. Денисовская,1,,Ленинский,Лен,Len
просп. Дзержинского,1,,Московский,Мос,Mos
пер. Димитрова,1,,Центральный,Цен,Cen
ул. Доватора,1,,Центральный,Цен,Cen
ул. Дорошевича,1,,Советский,Сов,Sov
ул. Достоевского,1,,Советский,Сов,Sov
ул. Дружба (Дружбы),1,,Московский,Мос,Mos
ул. Ежи Гедройца,1,,Московский,Мос,Mos
просп. Жукова,1,,Московский,Мос,Mos
ул. Жуковского,1,,Октябрьский,Окт,Okt
ул. Заслонова,1,,Первомайский,Пер,Per
ул. Захарова,1,,Партизанский,Пар,Par
ул. Зелёная,1,,Первомайский,Пер,Per
ул. Земледельческая,1,,Центральный,Цен,Cen
просп. имени газеты «Звязда»,1,,Московский,Мос,Mos
ул. Илимская,1,,Заводской,Зав,Zav
ул. Кабушкина,1,,Заводской,Зав,Zav
ул. Марата Казея,1,,Октябрьский,Окт,Okt
ул. Кальварийская,1,,Фрунзенский,Фру,Fru
ул. Каменногорская,1,,Фрунзенский,Фру,Fru
ул. Карбышева,1,,Первомайский,Пер,Per
ул. Каролинская,1,,Московский,Мос,Mos
проезд Каролинский,1,,Московский,Мос,Mos
ул. Кирилла и Мефодия,1,,Центральный,Цен,Cen
ул. Кирова,1,,Ленинский,Лен,Len
ул. Кирова,1,,Октябрьский,Окт,Okt
ул. Киселева,1,,Ксялва,Кся,Xya
ул. Кнорина,1,,Первомайский,Пер,Per
ул. Колесникова,1,,Фрунзенский,Фру,Fru
ул. Коллекторная,1,,Московский,Мос,Mos
ул. Короля,1,,Московский,Мос,Mos
ул. Короткевича,1,,Октябрьский,Окт,Okt
ул. Космонавтов,1,,Московский,Мос,Mos
ул. Кольцова,1,,Советский,Сов,Sov
ул. Красноармейская,1,,Ленинский,Лен,Len
ул. Куйбышева,1,,Советский,Сов,Sov
ул. Куйбышева,1,,Центральный,Цен,Cen
ул. Кулешова,1,,Заводской,Зав,Zav
ул. Кунцевщина,4,"",Фрунзенский,Фру,Fru
ул. Кунцевщина,6,"",Фрунзенский,Фру,Fru
ул. Кунцевщина,7,"",Фрунзенский,Фру,Fru
ул. Кунцевщина,8,"",Фрунзенский,Фру,Fru
ул. Кунцевщина,9,"",Фрунзенский,Фру,Fru
ул. Кунцевщина,10,"",Фрунзенский,Фру,Fru
ул. Кунцевщина,11,"",Фрунзенский,Фру,Fru
ул. Кунцевщина,12,"",Фрунзенский,Фру,Fru
ул. Кунцевщина,13,"",Фрунзенский,Фру,Fru
ул. Кунцевщина,15,"",Фрунзенский,Фру,Fru
ул. Кунцевщина,17,"",Фрунзенский,Фру,Fru
ул. Кунцевщина,18,"",Фрунзенский,Фру,Fru
ул. Кунцевщина,19,"",Фрунзенский,Фру,Fru
ул. Кунцевщина,20,"",Фрунзенский,Фру,Fru
ул. Кунцевщина,20,А,Фрунзенский,Фру,Fru
ул. Кунцевщина,21,"",Фрунзенский,Фру,Fru
ул. Кунцевщина,22,"",Фрунзенский,Фру,Fru
ул. Кунцевщина,23,"",Фрунзенский,Фру,Fru
ул. Кунцевщина,24,"",Фрунзенский,Фру,Fru
ул. Кунцевщина,25,"",Фрунзенский,Фру,Fru
ул. Кунцевщина,26,"",Фрунзенский,Фру,Fru
ул. Кунцевщина,27,"",Фрунзенский,Фру,Fru
ул. Кунцевщина,28,"",Фрунзенский,Фру,Fru
ул. Кунцевщина,29,"",Фрунзенский,Фру,Fru
ул. Кунцевщина,30,"",Фрунзенский,Фру,Fru
ул. Кунцевщина,31,"",Фрунзенский,Фру,Fru
ул. Кунцевщина,32,"",Фрунзенский,Фру,Fru
ул. Кунцевщина,33,"",Фрунзенский,Фру,Fru
ул. Кунцевщина,35,"",Фрунзенский,Фру,Fru
ул. Кунцевщина,36,"",Фрунзенский,Фру,Fru
ул. Кунцевщина,37,"",Фрунзенский,Фру,Fru
ул. Кунцевщина,38,"",Фрунзенский,Фру,Fru
ул. Кунцевщина,40,"",Фрунзенский,Фру,Fru
ул. Кунцевщина,42,"",Фрунзенский,Фру,Fru
ул. Кунцевщина,44,"",Фрунзенский,Фру,Fru
ул. Кунцевщина,48,"",Фрунзенский,Фру,Fru
ул. Левкова,1,,Октябрьский,Окт,Okt
ул. Лидская,1,,Фрунзенский,Фру,Fru
ул. Михася Лынькова,1,,Фрунзенский,Фру,Fru
просп. Любимова,1,,Московский,Мос,Mos
ул. Розы Люксембург,1,,Московский,Мос,Mos
пер. Розы Люксембург 2-й,1,,Московский,Мос,Mos
ул. Малинина,1,,Ленинский,Лен,Len
ул. Матросова,1,,Московский,Мос,Mos
ул. Матусевича,1,,Фрунзенский,Фру,Fru
ул. Макаёнка,1,,Первомайский,Пер,Per
ул. Менделеева,1,,Партизанский,Пар,Par
ул. Мержинского,1,,Первомайский,Пер,Per
ул. Мазурова,1,,Фрунзенский,Фру,Fru
ул. Михайлова,1,,Советский,Сов,Sov
ул. Михалово,1,,Московский,Мос,Mos
пер. Михалово 1-й,1,,Московский,Мос,Mos
пер. Михалово 2-й,1,,Московский,Мос,Mos
пер. Михалово 3-й,1,,Московский,Мос,Mos
пер. Михалово 4-й,1,,Московский,Мос,Mos
пер. Москвина,1,,Центральный,Цен,Cen
ул. Мясникова,1,,Московский,Мос,Mos
ул. Мясникова,1,,район,рай,raj
ул. Налибокская,1,,Фрунзенский,Фру,Fru
ул. Немига,1,,Центральный,Цен,Cen
ул. Нестерова,1,,Заводской,Зав,Zav
ул. Нёманская,1,,Фрунзенский,Фру,Fru
ул. Нововиленская,1,,Центральный,Цен,Cen
ул. Одоевского,1,,Фрунзенский,Фру,Fru
пер. Одоевского,1,,Фрунзенский,Фру,Fru
ул. Ольшевского,1,,Фрунзенский,Фру,Fru
пер. Ольшевского,1,,Фрунзенский,Фру,Fru
ул. Ольшевского,1,,Фрунзенский,Фру,Fru
ул. Кальварийская,1,,Фрунзенский,Фру,Fru
ул. Осипенко,2,"",Центральный,Цен,Cen
ул. Раковская,1,,Центральный,Цен,Cen
ул. Основателей,1,,Первомайский,Пер,Per
ул. Панфилова,1,,Центральный,Цен,Cen
пл. Парижской коммуны,1,,Центральный,Цен,Cen
просп. Партизанский,1,,Ленинский,Лен,Len
просп. Партизанский,1,,Заводской,Зав,Zav
ул. Первомайская,1,,Ленинский,Лен,Len
ул. Передовая,1,,Партизанский,Пар,Par
ул. 50 лет Победы,1,,Первомайский,Пер,Per
ул. Пономарева,1,,Первомайский,Пер,Per
ул. Лукьяновича,1,,Первомайский,Пер,Per
ул. Притыцкого,1,,Фрунзенский,Фру,Fru
ул. Пугачёвская,1,,Советский,Сов,Sov
ул. Пулихова,1,,Партизанский,Пар,Par
просп. Пушкина,1,,Фрунзенский,Фру,Fru
ул. Путилова,1,,Первомайский,Пер,Per
ул. Рафиева,1,,Московский,Мос,Mos
ул. Свердлова,1,,Московский,Мос,Mos
ул. Свердлова,1,,Ленинский,Лен,Len
пл. Свободы площадь,1,,Центральный,Цен,Cen
ул. Севастопольская,1,,Первомайский,Пер,Per
ул. Семёнова,1,,Ленинский,Лен,Len
пер. Силикатный 1-й,1,,Фрунзенский,Фру,Fru
пер. Силикатный 2-й,1,,Фрунзенский,Фру,Fru
ул. Скорины,1,,Первомайский,Пер,Per
ул. Слободская,1,,Московский,Мос,Mos
проезд Слободской,1,,Московский,Мос,Mos
ул. Советская,1,,Московский,Мос,Mos
пер. Стахановский,1,,Партизанский,Пар,Par
ул. Судмалиса,1,,Ленинский,Лен,Len
ул. Сурганова,1,К1,Советский,Сов,Sov
ул. Сурганова,1,К2,Советский,Сов,Sov
ул. Сурганова,2,"",Советский,Сов,Sov
ул. Сурганова,2,А,Советский,Сов,Sov
ул. Сурганова,2,Б,Советский,Сов,Sov
ул. Сурганова,2,В,Советский,Сов,Sov
ул. Сурганова,3,"",Советский,Сов,Sov
ул. Сурганова,5,"",Советский,Сов,Sov
ул. Сурганова,6,"",Советский,Сов,Sov
ул. Сурганова,7,"",Советский,Сов,Sov
ул. Сурганова,8,"",Советский,Сов,Sov
ул. Сурганова,9,"",Советский,Сов,Sov
ул. Сурганова,11,"",Советский,Сов,Sov
ул. Сурганова,11,К2,Советский,Сов,Sov
ул. Сурганова,13,"",Советский,Сов,Sov
ул. Сурганова,13,А,Советский,Сов,Sov
ул. Сурганова,14,"",Советский,Сов,Sov
ул. Сурганова,15,"",Советский,Сов,Sov
ул. Сурганова,16,"",Советский,Сов,Sov
ул. Сурганова,17,"",Советский,Сов,Sov
ул. Сурганова,18,"",Советский,Сов,Sov
ул. Сурганова,19,"",Советский,Сов,Sov
ул. Сурганова,20,"",Советский,Сов,Sov
ул. Сурганова,21,"",Советский,Сов,Sov
ул. Сурганова,22,"",Советский,Сов,Sov
ул. Сурганова,23,"",Советский,Сов,Sov
ул. Сурганова,24,"",Советский,Сов,Sov
ул. Сурганова,25,"",Советский,Сов,Sov
ул. Сурганова,26,"",Советский,Сов,Sov
ул. Сурганова,27,"",Советский,Сов,Sov
ул. Сурганова,28,"",Советский,Сов,Sov
ул. Сурганова,28,А,Советский,Сов,Sov
ул. Сурганова,28,В,Советский,Сов,Sov
ул. Сурганова,29,"",Советский,Сов,Sov
ул. Сурганова,30,"",Советский,Сов,Sov
ул. Сурганова,31,"",Советский,Сов,Sov
ул. Сурганова,36,"",Советский,Сов,Sov
ул. Сурганова,37,К1,Советский,Сов,Sov
ул. Сурганова,37,К2,Советский,Сов,Sov
ул. Сурганова,37,К3,Советский,Сов,Sov
ул. Сурганова,37,К4,Советский,Сов,Sov
ул. Сурганова,37,К5,Советский,Сов,Sov
ул. Сурганова,38,"",Советский,Сов,Sov
ул. Сурганова,39,"",Советский,Сов,Sov
ул. Сурганова,40,"",Советский,Сов,Sov
ул. Сурганова,41,"",Советский,Сов,Sov
ул. Сурганова,42,"",Советский,Сов,Sov
ул. Сурганова,43,"",Советский,Сов,Sov
ул. Сурганова,44,"",Советский,Сов,Sov
ул. Сурганова,45,Б,Советский,Сов,Sov
ул. Сурганова,45,К1,Советский,Сов,Sov
ул. Сурганова,45,К2,Советский,Сов,Sov
ул. Сурганова,45,К3,Советский,Сов,Sov
ул. Сурганова,45,К4,Советский,Сов,Sov
ул. Сурганова,46,"",Советский,Сов,Sov
ул. Сурганова,47,А,Советский,Сов,Sov
ул. Сурганова,47,Б,Советский,Сов,Sov
ул. Сурганова,47,К1. 47К2. 47К3,Советский,Сов,Sov
ул. Сурганова,47,К4,Советский,Сов,Sov
ул. Сурганова,47,К5,Советский,Сов,Sov
ул. Сурганова,48,"",Советский,Сов,Sov
ул. Сурганова,48,А,Советский,Сов,Sov
ул. Сурганова,49,"",Советский,Сов,Sov
ул. Сурганова,50,"",Советский,Сов,Sov
ул. Сурганова,51,"",Советский,Сов,Sov
ул. Сурганова,52,"",Советский,Сов,Sov
ул. Сурганова,53,"",Советский,Сов,Sov
ул. Сурганова,54,"",Советский,Сов,Sov
ул. Сурганова,55,"",Советский,Сов,Sov
ул. Сурганова,56,"",Советский,Сов,Sov
ул. Сурганова,57,"",Советский,Сов,Sov
ул. Сурганова,57,А,Советский,Сов,Sov
ул. Сурганова,57,Б,Советский,Сов,Sov
ул. Сурганова,58,"",Советский,Сов,Sov
ул. Сурганова,59,"",Советский,Сов,Sov
ул. Сурганова,60,К1,Советский,Сов,Sov
ул. Сурганова,61,"",Советский,Сов,Sov
ул. Сурганова,61,А,Советский,Сов,Sov
ул. Сурганова,62,"",Советский,Сов,Sov
ул. Сурганова,63,"",Советский,Сов,Sov
ул. Сурганова,64,"",Советский,Сов,Sov
ул. Сурганова,66,"",Советский,Сов,Sov
ул. Сурганова,68,"",Советский,Сов,Sov
ул. Сурганова,70,"",Советский,Сов,Sov
ул. Сурганова,72,"",Советский,Сов,Sov
ул. Сурганова,74,"",Советский,Сов,Sov
ул. Сурганова,76,"",Советский,Сов,Sov
ул. Сурганова,78,"",Советский,Сов,Sov
ул. Сурганова,78,А,Советский,Сов,Sov
ул. Сурганова,80,"",Советский,Сов,Sov
ул. Сурганова,82,"",Советский,Сов,Sov
ул. Сурганова,86,"",Советский,Сов,Sov
ул. Сурганова,88,"",Советский,Сов,Sov
ул. Сурганова,1,К1,Первомайский,Пер,Per
ул. Сурганова,1,К2,Первомайский,Пер,Per
ул. Сурганова,2,"",Первомайский,Пер,Per
ул. Сурганова,2,А,Первомайский,Пер,Per
ул. Сурганова,2,Б,Первомайский,Пер,Per
ул. Сурганова,2,В,Первомайский,Пер,Per
ул. Сурганова,3,"",Первомайский,Пер,Per
ул. Сурганова,5,"",Первомайский,Пер,Per
ул. Сурганова,6,"",Первомайский,Пер,Per
ул. Сурганова,7,"",Первомайский,Пер,Per
ул. Сурганова,8,"",Первомайский,Пер,Per
ул. Сурганова,9,"",Первомайский,Пер,Per
ул. Сурганова,11,"",Первомайский,Пер,Per
ул. Сурганова,11,К2,Первомайский,Пер,Per
ул. Сурганова,13,"",Первомайский,Пер,Per
ул. Сурганова,13,А,Первомайский,Пер,Per
ул. Сурганова,14,"",Первомайский,Пер,Per
ул. Сурганова,15,"",Первомайский,Пер,Per
ул. Сурганова,16,"",Первомайский,Пер,Per
ул. Сурганова,17,"",Первомайский,Пер,Per
ул. Сурганова,18,"",Первомайский,Пер,Per
ул. Сурганова,19,"",Первомайский,Пер,Per
ул. Сурганова,20,"",Первомайский,Пер,Per
ул. Сурганова,21,"",Первомайский,Пер,Per
ул. Сурганова,22,"",Первомайский,Пер,Per
ул. Сурганова,23,"",Первомайский,Пер,Per
ул. Сурганова,24,"",Первомайский,Пер,Per
ул. Сурганова,25,"",Первомайский,Пер,Per
ул. Сурганова,26,"",Первомайский,Пер,Per
ул. Сурганова,27,"",Первомайский,Пер,Per
ул. Сурганова,28,"",Первомайский,Пер,Per
ул. Сурганова,28,А,Первомайский,Пер,Per
ул. Сурганова,28,В,Первомайский,Пер,Per
ул. Сурганова,29,"",Первомайский,Пер,Per
ул. Сурганова,30,"",Первомайский,Пер,Per
ул. Сурганова,31,"",Первомайский,Пер,Per
ул. Сурганова,36,"",Первомайский,Пер,Per
ул. Сурганова,37,К1,Первомайский,Пер,Per
ул. Сурганова,37,К2,Первомайский,Пер,Per
ул. Сурганова,37,К3,Первомайский,Пер,Per
ул. Сурганова,37,К4,Первомайский,Пер,Per
ул. Сурганова,37,К5,Первомайский,Пер,Per
ул. Сурганова,38,"",Первомайский,Пер,Per
ул. Сурганова,39,"",Первомайский,Пер,Per
ул. Сурганова,40,"",Первомайский,Пер,Per
ул. Сурганова,41,"",Первомайский,Пер,Per
ул. Сурганова,42,"",Первомайский,Пер,Per
ул. Сурганова,43,"",Первомайский,Пер,Per
ул. Сурганова,44,"",Первомайский,Пер,Per
ул. Сурганова,45,Б,Первомайский,Пер,Per
ул. Сурганова,45,К1,Первомайский,Пер,Per
ул. Сурганова,45,К2,Первомайский,Пер,Per
ул. Сурганова,45,К3,Первомайский,Пер,Per
ул. Сурганова,45,К4,Первомайский,Пер,Per
ул. Сурганова,46,"",Первомайский,Пер,Per
ул. Сурганова,47,А,Первомайский,Пер,Per
ул. Сурганова,47,Б,Первомайский,Пер,Per
ул. Сурганова,47,К1. 47К2. 47К3,Первомайский,Пер,Per
ул. Сурганова,47,К4,Первомайский,Пер,Per
ул. Сурганова,47,К5,Первомайский,Пер,Per
ул. Сурганова,48,"",Первомайский,Пер,Per
ул. Сурганова,48,А,Первомайский,Пер,Per
ул. Сурганова,49,"",Первомайский,Пер,Per
ул. Сурганова,50,"",Первомайский,Пер,Per
ул. Сурганова,51,"",Первомайский,Пер,Per
ул. Сурганова,52,"",Первомайский,Пер,Per
ул. Сурганова,53,"",Первомайский,Пер,Per
ул. Сурганова,54,"",Первомайский,Пер,Per
ул. Сурганова,55,"",Первомайский,Пер,Per
ул. Сурганова,56,"",Первомайский,Пер,Per
ул. Сурганова,57,"",Первомайский,Пер,Per
ул. Сурганова,57,А,Первомайский,Пер,Per
ул. Сурганова,57,Б,Первомайский,Пер,Per
ул. Сурганова,58,"",Первомайский,Пер,Per
ул. Сурганова,59,"",Первомайский,Пер,Per
ул. Сурганова,60,К1,Первомайский,Пер,Per
ул. Сурганова,61,"",Первомайский,Пер,Per
ул. Сурганова,61,А,Первомайский,Пер,Per
ул. Сурганова,62,"",Первомайский,Пер,Per
ул. Сурганова,63,"",Первомайский,Пер,Per
ул. Сурганова,64,"",Первомайский,Пер,Per
ул. Сурганова,66,"",Первомайский,Пер,Per
ул. Сурганова,68,"",Первомайский,Пер,Per
ул. Сурганова,70,"",Первомайский,Пер,Per
ул. Сурганова,72,"",Первомайский,Пер,Per
ул. Сурганова,74,"",Первомайский,Пер,Per
ул. Сурганова,76,"",Первомайский,Пер,Per
ул. Сурганова,78,"",Первомайский,Пер,Per
ул. Сурганова,78,А,Первомайский,Пер,Per
ул. Сурганова,80,"",Первомайский,Пер,Per
ул. Сурганова,82,"",Первомайский,Пер,Per
ул. Сурганова,86,"",Первомайский,Пер,Per
ул. Сурганова,88,"",Первомайский,Пер,Per
ул. Тимирязева,1,,Центральный,Цен,Cen
ул. Фабрициуса,1,,Московский,Мос,Mos
пер. Фабрициуса,1,,Московский,Мос,Mos
ул. Фрунзе,1,,Партизанский,Пар,Par
ул. Фучика,1,,Заводской,Зав,Zav
ул. Цеткин,1,,Московский,Мос,Mos
ул. Чеботарёва,1,,Партизанский,Пар,Par
ул. Чернышевского,1,,Первомайский,Пер,Per
ул. Черняховского,1,,Первомайский,Пер,Per
ул. Чичерина,1,,Центральный,Цен,Cen
ул. Чкалова,1,,Октябрьский,Окт,Okt
пер. Чорного,1,,Первомайский,Пер,Per
ул. Чюрлёниса,1,,Московский,Мос,Mos
ул. Шатько,1,,Московский,Мос,Mos
ул. Щорса,1,,Московский,Мос,Mos
ул. Юбилейная,1,,Центральный,Цен,Cen
ул. Янковского,1,,Фрунзенский,Фру,Fru
ул. Корвата,1,,Партизанский,Пар,Par
ул. Пимена Панченко,1,,Фрунзенский,Фру,Fru
ул. Ермака,1,,Центральный,Цен,Cen
ул. Яна Чечота,1,,Московский,Мос,Mos
